Workbook

Sheet PROJETO PERFURAÇÃO
A1: Data | B1: ID | C1: Geometry | D1: Zone | E1: Phase | F1: Bench | G1: Domain | H1: Project | I1: Lithology | J1: Mat Blast | K1: GF | L1: Model | M1: GR | N1: GA | O1: RMR | P1: Type | Q1: Explosivo | R1: Reforcador | S1: Iniciador Primario | T1: Iniciador Backup | U1: Inicio | V1: Fim | W1: Operador | X1: Frota | Y1: Equipamento | Z1: Descricao | AA1: Observacao | AB1: Diameter | AC1: X Collar | AD1: Y Collar | AE1: Z Collar | AF1: X Toe | AG1: Y Toe | AH1: Z Toe | AI1: Depth | AJ1: Sub Drill | AK1: Spacing | AL1: Burden | AM1: Azimuth | AN1: Dip | AO1: Tonnes | AP1: Density | AQ1: Cu (%) | AR1: Au (%) | AS1: Ni (%) | AT1: Fe (%) | AU1: Mg (%) | AV1: S (%) | AW1: Cu:S (%) | AX1: Cu SC_Cu T (%) | AY1: Tampao | AZ1: Carga | BA1: DIFFX | BB1: DIFFXY | BC1: DIFFZ | BD1: DIFFY
A2: 46304 | B2: 1 | C2: LIB065 | D2: NE | E2: 2 | F2: 185 | G2: 1 | H2: PP0651026 | I2: Gneiss | J2: ORE_MG_TP1_D1 | K2: F3 | L2: T:\MINA\Drill and blast\Deswik\MB_CP_MVV_final.gmdlb | M2: R5 | O2: II | P2: Pre-Splitting | X2: Sandvik DP1500i | Z2: Planned | AB2: 5 | AC2: 748798.93 | AD2: 8930540.5 | AE2: 194.62 | AF2: 748799.44 | AG2: 8930537.9 | AH2: 185 | AI2: 9.98 | AJ2: 0 | AK2: 1.5 | AL2: 0.8 | AM2: 169.06 | AN2: 15.56 | AO2: 0 | AP2: 3.28 | AQ2: 0.4 | AR2: 0.06 | AS2: 0.06 | AT2: 17.33 | AU2: 5.53 | AV2: 0.27 | AW2: 1.44 | AX2: 0 | AY2: 0 | AZ2: 0 | BA2: 0 | BB2: 0 | BC2: 0 | BD2: 0
A3: 46304 | B3: 2 | C3: LIB065 | D3: NE | E3: 2 | F3: 185 | G3: 1 | H3: PP0651026 | I3: Gneiss | J3: ORE_MG_TP1_D1 | K3: F3 | L3: T:\MINA\Drill and blast\Deswik\MB_CP_MVV_final.gmdlb | M3: R5 | O3: II | P3: Pre-Splitting | X3: Sandvik DP1500i | Z3: Planned | AB3: 5 | AC3: 748797.46 | AD3: 8930540.3 | AE3: 194.56 | AF3: 748797.96 | AG3: 8930537.6 | AH3: 185 | AI3: 9.93 | AJ3: 0 | AK3: 1.5 | AL3: 0.8 | AM3: 169.06 | AN3: 15.65 | AO3: 0 | AP3: 3.28 | AQ3: 0.41 | AR3: 0.06 | AS3: 0.06 | AT3: 17.18 | AU3: 5.55 | AV3: 0.26 | AW3: 1.37 | AX3: 0 | AY3: 0 | AZ3: 0 | BA3: 0 | BB3: 0 | BC3: 0 | BD3: 0
A4: 46304 | B4: 3 | C4: LIB065 | D4: NE | E4: 2 | F4: 185 | G4: 1 | H4: PP0651026 | I4: Gneiss | J4: ORE_MG_TP1_D1 | K4: F3 | L4: T:\MINA\Drill and blast\Deswik\MB_CP_MVV_final.gmdlb | M4: R5 | O4: II | P4: Pre-Splitting | X4: Sandvik DP1500i | Z4: Planned | AB4: 5 | AC4: 748795.98 | AD4: 8930540 | AE4: 194.56 | AF4: 748796.49 | AG4: 8930537.3 | AH4: 185 | AI4: 9.92 | AJ4: 0 | AK4: 1.5 | AL4: 0.8 | AM4: 169.06 | AN4: 15.66 | AO4: 0 | AP4: 3.28 | AQ4: 0.41 | AR4: 0.06 | AS4: 0.06 | AT4: 16.93 | AU4: 5.58 | AV4: 0.25 | AW4: 1.27 | AX4: 0 | AY4: 0 | AZ4: 0 | BA4: 0 | BB4: 0 | BC4: 0 | BD4: 0
A5: 46304 | B5: 4 | C5: LIB065 | D5: NE | E5: 2 | F5: 185 | G5: 1 | H5: PP0651026 | I5: Gneiss | J5: ORE_MG_TP1_D1 | K5: F3 | L5: T:\MINA\Drill and blast\Deswik\MB_CP_MVV_final.gmdlb | M5: R5 | O5: II | P5: Pre-Splitting | X5: Sandvik DP1500i | Z5: Planned | AB5: 5 | AC5: 748794.51 | AD5: 8930539.7 | AE5: 194.6 | AF5: 748795.02 | AG5: 8930537.1 | AH5: 185 | AI5: 9.97 | AJ5: 0 | AK5: 1.5 | AL5: 0.8 | AM5: 169.06 | AN5: 15.6 | AO5: 0 | AP5: 3.29 | AQ5: 0.42 | AR5: 0.06 | AS5: 0.06 | AT5: 16.59 | AU5: 5.62 | AV5: 0.22 | AW5: 1.13 | AX5: 0 | AY5: 0 | AZ5: 0 | BA5: 0 | BB5: 0 | BC5: 0 | BD5: 0
A6: 46304 | B6: 5 | C6: LIB065 | D6: NE | E6: 2 | F6: 185 | G6: 1 | H6: PP0651026 | I6: Gneiss | J6: ORE_MG_TP1_D1 | K6: F3 | L6: T:\MINA\Drill and blast\Deswik\MB_CP_MVV_final.gmdlb | M6: R5 | O6: II | P6: Pre-Splitting | X6: Sandvik DP1500i | Z6: Planned | AB6: 5 | AC6: 748793.04 | AD6: 8930539.4 | AE6: 194.58 | AF6: 748793.55 | AG6: 8930536.8 | AH6: 185 | AI6: 9.95 | AJ6: 0 | AK6: 1.5 | AL6: 0.8 | AM6: 169.06 | AN6: 15.63 | AO6: 0 | AP6: 3.29 | AQ6: 0.42 | AR6: 0.06 | AS6: 0.06 | AT6: 16.59 | AU6: 5.62 | AV6: 0.22 | AW6: 1.13 | AX6: 0 | AY6: 0 | AZ6: 0 | BA6: 0 | BB6: 0 | BC6: 0 | BD6: 0
A7: 46304 | B7: 6 | C7: LIB065 | D7: NE | E7: 2 | F7: 185 | G7: 1 | H7: PP0651026 | I7: Gneiss | J7: ORE_MG_TP1_D1 | K7: F3 | L7: T:\MINA\Drill and blast\Deswik\MB_CP_MVV_final.gmdlb | M7: R5 | O7: II | P7: Pre-Splitting | X7: Sandvik DP1500i | Z7: Planned | AB7: 5 | AC7: 748791.57 | AD7: 8930539.1 | AE7: 194.57 | AF7: 748792.07 | AG7: 8930536.5 | AH7: 185 | AI7: 9.94 | AJ7: 0 | AK7: 1.5 | AL7: 0.8 | AM7: 169.06 | AN7: 15.64 | AO7: 0 | AP7: 3.29 | AQ7: 0.42 | AR7: 0.06 | AS7: 0.06 | AT7: 16.59 | AU7: 5.62 | AV7: 0.22 | AW7: 1.13 | AX7: 0 | AY7: 0 | AZ7: 0 | BA7: 0 | BB7: 0 | BC7: 0 | BD7: 0
A8: 46304 | B8: 7 | C8: LIB065 | D8: NE | E8: 2 | F8: 185 | G8: 1 | H8: PP0651026 | I8: Gneiss | J8: ORE_MG_TP1_D1 | K8: F3 | L8: T:\MINA\Drill and blast\Deswik\MB_CP_MVV_final.gmdlb | M8: R5 | O8: II | P8: Pre-Splitting | X8: Sandvik DP1500i | Z8: Planned | AB8: 5 | AC8: 748790.09 | AD8: 8930538.8 | AE8: 194.54 | AF8: 748790.62 | AG8: 8930536.2 | AH8: 185 | AI8: 9.91 | AJ8: 0 | AK8: 1.5 | AL8: 0.8 | AM8: 168.64 | AN8: 15.73 | AO8: 0 | AP8: 3.3 | AQ8: 0.42 | AR8: 0.06 | AS8: 0.06 | AT8: 16.24 | AU8: 5.66 | AV8: 0.2 | AW8: 0.99 | AX8: 0 | AY8: 0 | AZ8: 0 | BA8: 0 | BB8: 0 | BC8: 0 | BD8: 0
A9: 46304 | B9: 8 | C9: LIB065 | D9: NE | E9: 2 | F9: 185 | G9: 1 | H9: PP0651026 | I9: Gabbro | J9: ORE_MG_TP1_D1 | K9: F3 | L9: T:\MINA\Drill and blast\Deswik\MB_CP_MVV_final.gmdlb | M9: R5 | O9: II | P9: Pre-Splitting | X9: Sandvik DP1500i | Z9: Planned | AB9: 5 | AC9: 748788.63 | AD9: 8930538.5 | AE9: 194.56 | AF9: 748789.24 | AG9: 8930535.9 | AH9: 185 | AI9: 9.92 | AJ9: 0 | AK9: 1.5 | AL9: 0.8 | AM9: 166.99 | AN9: 15.65 | AO9: 0 | AP9: 3.29 | AQ9: 0.42 | AR9: 0.06 | AS9: 0.06 | AT9: 15.78 | AU9: 5.76 | AV9: 0.17 | AW9: 0.88 | AX9: 0 | AY9: 0 | AZ9: 0 | BA9: 0 | BB9: 0 | BC9: 0 | BD9: 0
A10: 46304 | B10: 9 | C10: LIB065 | D10: NE | E10: 2 | F10: 185 | G10: 1 | H10: PP0651026 | I10: Gabbro | J10: ORE_MG_TP1_D1 | K10: F3 | L10: T:\MINA\Drill and blast\Deswik\MB_CP_MVV_final.gmdlb | M10: R5 | O10: II | P10: Pre-Splitting | X10: Sandvik DP1500i | Z10: Planned | AB10: 5 | AC10: 748787.17 | AD10: 8930538.1 | AE10: 194.69 | AF10: 748787.77 | AG10: 8930535.5 | AH10: 185 | AI10: 10.05 | AJ10: 0 | AK10: 1.5 | AL10: 0.8 | AM10: 166.99 | AN10: 15.4 | AO10: 0 | AP10: 3.28 | AQ10: 0.42 | AR10: 0.06 | AS10: 0.06 | AT10: 15.25 | AU10: 5.87 | AV10: 0.14 | AW10: 0.76 | AX10: 0 | AY10: 0 | AZ10: 0 | BA10: 0 | BB10: 0 | BC10: 0 | BD10: 0
A11: 46304 | B11: 10 | C11: LIB065 | D11: NE | E11: 2 | F11: 185 | G11: 1 | H11: PP0651026 | I11: Gabbro | J11: ORE_MG_TP1_D1 | K11: F3 | L11: T:\MINA\Drill and blast\Deswik\MB_CP_MVV_final.gmdlb | M11: R5 | O11: II | P11: Pre-Splitting | X11: Sandvik DP1500i | Z11: Planned | AB11: 5 | AC11: 748785.71 | AD11: 8930537.8 | AE11: 194.94 | AF11: 748786.31 | AG11: 8930535.2 | AH11: 185 | AI11: 10.3 | AJ11: 0 | AK11: 1.5 | AL11: 0.8 | AM11: 166.99 | AN11: 15.06 | AO11: 0 | AP11: 3.27 | AQ11: 0.41 | AR11: 0.06 | AS11: 0.05 | AT11: 14.76 | AU11: 5.92 | AV11: 0.11 | AW11: 0.62 | AX11: 0 | AY11: 0 | AZ11: 0 | BA11: 0 | BB11: 0 | BC11: 0 | BD11: 0
A12: 46304 | B12: 11 | C12: LIB065 | D12: NE | E12: 2 | F12: 185 | G12: 1 | H12: PP0651026 | I12: Gabbro | J12: ORE_MG_TP1_D1 | K12: F3 | L12: T:\MINA\Drill and blast\Deswik\MB_CP_MVV_final.gmdlb | M12: R5 | O12: II | P12: Pre-Splitting | X12: Sandvik DP1500i | Z12: Planned | AB12: 5 | AC12: 748784.25 | AD12: 8930537.5 | AE12: 195.16 | AF12: 748784.85 | AG12: 8930534.9 | AH12: 185 | AI12: 10.5 | AJ12: 0 | AK12: 1.5 | AL12: 0.8 | AM12: 166.99 | AN12: 14.77 | AO12: 0 | AP12: 3.27 | AQ12: 0.41 | AR12: 0.06 | AS12: 0.05 | AT12: 14.39 | AU12: 5.92 | AV12: 0.09 | AW12: 0.5 | AX12: 0 | AY12: 0 | AZ12: 0 | BA12: 0 | BB12: 0 | BC12: 0 | BD12: 0
A13: 46304 | B13: 12 | C13: LIB065 | D13: NE | E13: 2 | F13: 185 | G13: 0 | H13: PP0651026 | I13: Gabbro | J13: ORE_MG_TP1_D1 | K13: F3 | L13: T:\MINA\Drill and blast\Deswik\MB_CP_MVV_final.gmdlb | M13: R5 | O13: II | P13: Pre-Splitting | X13: Sandvik DP1500i | Z13: Planned | AB13: 5 | AC13: 748782.79 | AD13: 8930537.1 | AE13: 195.15 | AF13: 748783.39 | AG13: 8930534.5 | AH13: 185 | AI13: 10.5 | AJ13: 0 | AK13: 1.5 | AL13: 0.8 | AM13: 166.99 | AN13: 14.78 | AO13: 0 | AP13: 3.27 | AQ13: 0.41 | AR13: 0.06 | AS13: 0.05 | AT13: 14.02 | AU13: 5.92 | AV13: 0.07 | AW13: 0.38 | AX13: 0 | AY13: 0 | AZ13: 0 | BA13: 0 | BB13: 0 | BC13: 0 | BD13: 0
... A103: 46304 | B103: 102 | C103: LIB065 | D103: NW | E103: 2 | F103: 185 | G103: 0 | H103: PP0651026 | I103: Gneiss | J103: WST | K103: NA | L103: T:\MINA\Drill and blast\Deswik\MB_CP_MVV_final.gmdlb | M103: R1 | O103: II | P103: Pre-Splitting | X103: Sandvik DP1500i | Z103: Planned | AB103: 5 | AC103: 748690.4 | AD103: 8930446.9 | AE103: 189.66 | AF103: 748691.55 | AG103: 8930446.2 | AH103: 185 | AI103: 4.85 | AJ103: 0 | AK103: 1.5 | AL103: 0.8 | AM103: 120.74 | AN103: 16.08 | AO103: 0 | AP103: 2.81 | AQ103: 0 | AR103: 0 | AS103: 0 | AT103: 0 | AU103: 0 | AV103: 0 | AW103: 0 | AX103: 0 | AY103: 0 | AZ103: 0 | BA103: 0 | BB103: 0 | BC103: 0 | BD103: 0
A104: 46304 | B104: 103 | C104: LIB065 | D104: NW | E104: 0 | F104: 185 | G104: 0 | H104: PP0651026 | J104: WST | L104: T:\MINA\Drill and blast\Deswik\MB_CP_MVV_final.gmdlb | O104: II | P104: Pre-Splitting | X104: Sandvik DP1500i | Z104: Planned | AB104: 5 | AC104: 748689.92 | AD104: 8930445.5 | AE104: 189.64 | AF104: 748691.19 | AG104: 8930445.1 | AH104: 185 | AI104: 4.83 | AJ104: 0 | AK104: 1.5 | AL104: 0.8 | AM104: 108.64 | AN104: 16.16 | AO104: 0 | AP104: 2.81 | AQ104: 0 | AR104: 0 | AS104: 0 | AT104: 0 | AU104: 0 | AV104: 0 | AW104: 0 | AX104: 0 | AY104: 0 | AZ104: 0 | BA104: 0 | BB104: 0 | BC104: 0 | BD104: 0
A105: 46304 | B105: 104 | C105: LIB065 | D105: NW | E105: 0 | F105: 185 | G105: 0 | H105: PP0651026 | J105: WST | L105: T:\MINA\Drill and blast\Deswik\MB_CP_MVV_final.gmdlb | O105: II | P105: Pre-Splitting | X105: Sandvik DP1500i | Z105: Planned | AB105: 5 | AC105: 748689.5 | AD105: 8930444 | AE105: 189.59 | AF105: 748690.79 | AG105: 8930443.7 | AH105: 185 | AI105: 4.78 | AJ105: 0 | AK105: 1.5 | AL105: 0.8 | AM105: 106.29 | AN105: 16.32 | AO105: 0 | AP105: 2.82 | AQ105: 0 | AR105: 0 | AS105: 0 | AT105: 0 | AU105: 0 | AV105: 0 | AW105: 0 | AX105: 0 | AY105: 0 | AZ105: 0 | BA105: 0 | BB105: 0 | BC105: 0 | BD105: 0
A106: 46304 | B106: 105 | C106: LIB065 | D106: NW | E106: 0 | F106: 185 | G106: 0 | H106: PP0651026 | J106: WST | L106: T:\MINA\Drill and blast\Deswik\MB_CP_MVV_final.gmdlb | O106: II | P106: Pre-Splitting | X106: Sandvik DP1500i | Z106: Planned | AB106: 5 | AC106: 748689.08 | AD106: 8930442.6 | AE106: 189.57 | AF106: 748690.37 | AG106: 8930442.2 | AH106: 185 | AI106: 4.77 | AJ106: 0 | AK106: 1.5 | AL106: 0.8 | AM106: 106.29 | AN106: 16.4 | AO106: 0 | AP106: 2.8 | AQ106: 0 | AR106: 0 | AS106: 0 | AT106: 0 | AU106: 0 | AV106: 0 | AW106: 0 | AX106: 0 | AY106: 0 | AZ106: 0 | BA106: 0 | BB106: 0 | BC106: 0 | BD106: 0
A107: 46304 | B107: 106 | C107: LIB065 | D107: NW | E107: 0 | F107: 185 | G107: 0 | H107: PP0651026 | J107: WST | L107: T:\MINA\Drill and blast\Deswik\MB_CP_MVV_final.gmdlb | O107: II | P107: Pre-Splitting | X107: Sandvik DP1500i | Z107: Planned | AB107: 5 | AC107: 748688.52 | AD107: 8930441.2 | AE107: 189.57 | AF107: 748689.76 | AG107: 8930440.7 | AH107: 185 | AI107: 4.76 | AJ107: 0 | AK107: 1.5 | AL107: 0.8 | AM107: 112.03 | AN107: 16.34 | AO107: 0 | AP107: 2.8 | AQ107: 0 | AR107: 0 | AS107: 0 | AT107: 0 | AU107: 0 | AV107: 0 | AW107: 0 | AX107: 0 | AY107: 0 | AZ107: 0 | BA107: 0 | BB107: 0 | BC107: 0 | BD107: 0
A108: 46304 | B108: 107 | C108: LIB065 | D108: NW | E108: 0 | F108: 185 | G108: 0 | H108: PP0651026 | J108: WST | L108: T:\MINA\Drill and blast\Deswik\MB_CP_MVV_final.gmdlb | O108: II | P108: Pre-Splitting | X108: Sandvik DP1500i | Z108: Planned | AB108: 5 | AC108: 748687.95 | AD108: 8930439.8 | AE108: 189.56 | AF108: 748689.19 | AG108: 8930439.3 | AH108: 185 | AI108: 4.75 | AJ108: 0 | AK108: 1.5 | AL108: 0.8 | AM108: 112.3 | AN108: 16.41 | AO108: 0 | AP108: 2.8 | AQ108: 0 | AR108: 0 | AS108: 0 | AT108: 0 | AU108: 0 | AV108: 0 | AW108: 0 | AX108: 0 | AY108: 0 | AZ108: 0 | BA108: 0 | BB108: 0 | BC108: 0 | BD108: 0
A109: 46304 | B109: 108 | C109: LIB065 | D109: NW | E109: 0 | F109: 185 | G109: 0 | H109: PP0651026 | J109: WST | L109: T:\MINA\Drill and blast\Deswik\MB_CP_MVV_final.gmdlb | O109: II | P109: Pre-Splitting | X109: Sandvik DP1500i | Z109: Planned | AB109: 5 | AC109: 748687.33 | AD109: 8930438.5 | AE109: 189.5 | AF109: 748688.55 | AG109: 8930437.9 | AH109: 185 | AI109: 4.7 | AJ109: 0 | AK109: 1.5 | AL109: 0.8 | AM109: 114.62 | AN109: 16.61 | AO109: 0 | AP109: 2.79 | AQ109: 0 | AR109: 0 | AS109: 0 | AT109: 0 | AU109: 0 | AV109: 0 | AW109: 0 | AX109: 0 | AY109: 0 | AZ109: 0 | BA109: 0 | BB109: 0 | BC109: 0 | BD109: 0
A110: 46304 | B110: 109 | C110: LIB065 | D110: NW | E110: 0 | F110: 185 | G110: 0 | H110: PP0651026 | J110: WST | L110: T:\MINA\Drill and blast\Deswik\MB_CP_MVV_final.gmdlb | O110: II | P110: Pre-Splitting | X110: Sandvik DP1500i | Z110: Planned | AB110: 5 | AC110: 748686.59 | AD110: 8930437.2 | AE110: 189.45 | AF110: 748687.76 | AG110: 8930436.5 | AH110: 185 | AI110: 4.65 | AJ110: 0 | AK110: 1.5 | AL110: 0.8 | AM110: 119.29 | AN110: 16.84 | AO110: 0 | AP110: 2.79 | AQ110: 0 | AR110: 0 | AS110: 0 | AT110: 0 | AU110: 0 | AV110: 0 | AW110: 0 | AX110: 0 | AY110: 0 | AZ110: 0 | BA110: 0 | BB110: 0 | BC110: 0 | BD110: 0
A111: 46304 | B111: 110 | C111: LIB065 | D111: NW | E111: 0 | F111: 185 | G111: 0 | H111: PP0651026 | J111: WST | L111: T:\MINA\Drill and blast\Deswik\MB_CP_MVV_final.gmdlb | O111: II | P111: Pre-Splitting | X111: Sandvik DP1500i | Z111: Planned | AB111: 5 | AC111: 748685.85 | AD111: 8930435.8 | AE111: 189.35 | AF111: 748687.03 | AG111: 8930435.2 | AH111: 185 | AI111: 4.55 | AJ111: 0 | AK111: 1.5 | AL111: 0.8 | AM111: 119.29 | AN111: 17.24 | AO111: 0 | AP111: 2.79 | AQ111: 0 | AR111: 0 | AS111: 0 | AT111: 0 | AU111: 0 | AV111: 0 | AW111: 0 | AX111: 0 | AY111: 0 | AZ111: 0 | BA111: 0 | BB111: 0 | BC111: 0 | BD111: 0
A112: 46304 | B112: 111 | C112: LIB065 | D112: NW | E112: 0 | F112: 185 | G112: 0 | H112: PP0651026 | J112: WST | L112: T:\MINA\Drill and blast\Deswik\MB_CP_MVV_final.gmdlb | O112: II | P112: Pre-Splitting | X112: Sandvik DP1500i | Z112: Planned | AB112: 5 | AC112: 748684.99 | AD112: 8930434.6 | AE112: 189.28 | AF112: 748686.08 | AG112: 8930433.8 | AH112: 185 | AI112: 4.48 | AJ112: 0 | AK112: 1.5 | AL112: 0.8 | AM112: 125.42 | AN112: 17.46 | AO112: 0 | AP112: 2.79 | AQ112: 0 | AR112: 0 | AS112: 0 | AT112: 0 | AU112: 0 | AV112: 0 | AW112: 0 | AX112: 0 | AY112: 0 | AZ112: 0 | BA112: 0 | BB112: 0 | BC112: 0 | BD112: 0
A113: 46304 | B113: 112 | C113: LIB065 | D113: NW | E113: 0 | F113: 185 | G113: 0 | H113: PP0651026 | J113: WST | L113: T:\MINA\Drill and blast\Deswik\MB_CP_MVV_final.gmdlb | O113: II | P113: Pre-Splitting | X113: Sandvik DP1500i | Z113: Planned | AB113: 5 | AC113: 748684.08 | AD113: 8930433.4 | AE113: 189.18 | AF113: 748685.15 | AG113: 8930432.6 | AH113: 185 | AI113: 4.39 | AJ113: 0 | AK113: 1.5 | AL113: 0.8 | AM113: 127.11 | AN113: 17.84 | AO113: 0 | AP113: 2.79 | AQ113: 0 | AR113: 0 | AS113: 0 | AT113: 0 | AU113: 0 | AV113: 0 | AW113: 0 | AX113: 0 | AY113: 0 | AZ113: 0 | BA113: 0 | BB113: 0 | BC113: 0 | BD113: 0
A114: 46304 | B114: 113 | C114: LIB065 | D114: NW | E114: 0 | F114: 185 | G114: 0 | H114: PP0651026 | J114: WST | L114: T:\MINA\Drill and blast\Deswik\MB_CP_MVV_final.gmdlb | O114: II | P114: Pre-Splitting | X114: Sandvik DP1500i | Z114: Planned | AB114: 5 | AC114: 748683.13 | AD114: 8930432.3 | AE114: 189.17 | AF114: 748684.18 | AG114: 8930431.4 | AH114: 185 | AI114: 4.38 | AJ114: 0 | AK114: 1.5 | AL114: 0.8 | AM114: 129.32 | AN114: 18.01 | AO114: 0 | AP114: 2.79 | AQ114: 0 | AR114: 0 | AS114: 0 | AT114: 0 | AU114: 0 | AV114: 0 | AW114: 0 | AX114: 0 | AY114: 0 | AZ114: 0 | BA114: 0 | BB114: 0 | BC114: 0 | BD114: 0
A115: 46304 | B115: 114 | C115: LIB065 | D115: NW | E115: 0 | F115: 185 | G115: 0 | H115: PP0651026 | J115: WST | L115: T:\MINA\Drill and blast\Deswik\MB_CP_MVV_final.gmdlb | O115: II | P115: Pre-Splitting | X115: Sandvik DP1500i | Z115: Planned | AB115: 5 | AC115: 748682.06 | AD115: 8930431.2 | AE115: 189.22 | AF115: 748683 | AG115: 8930430.2 | AH115: 185 | AI115: 4.43 | AJ115: 0 | AK115: 1.5 | AL115: 0.8 | AM115: 135.46 | AN115: 17.71 | AO115: 0 | AP115: 2.79 | AQ115: 0 | AR115: 0 | AS115: 0 | AT115: 0 | AU115: 0 | AV115: 0 | AW115: 0 | AX115: 0 | AY115: 0 | AZ115: 0 | BA115: 0 | BB115: 0 | BC115: 0 | BD115: 0
... A117: 46304 | B117: 116 | C117: LIB065 | D117: NW | E117: 0 | F117: 185 | G117: 0 | H117: PP0651026 | J117: WST | L117: T:\MINA\Drill and blast\Deswik\MB_CP_MVV_final.gmdlb | O117: II | P117: Pre-Splitting | X117: Sandvik DP1500i | Z117: Planned | AB117: 5 | AC117: 748679.82 | AD117: 8930429.2 | AE117: 189.47 | AF117: 748680.66 | AG117: 8930428.2 | AH117: 185 | AI117: 4.67 | AJ117: 0 | AK117: 1.5 | AL117: 0.8 | AM117: 141.42 | AN117: 16.79 | AO117: 0 | AP117: 2.78 | AQ117: 0 | AR117: 0 | AS117: 0 | AT117: 0 | AU117: 0 | AV117: 0 | AW117: 0 | AX117: 0 | AY117: 0 | AZ117: 0 | BA117: 0 | BB117: 0 | BC117: 0 | BD117: 0
A118: 46304 | B118: 117 | C118: LIB065 | D118: NW | E118: 2 | F118: 184 | G118: 0 | H118: PP0651026 | I118: Gabbro | J118: WST | K118: NA | L118: T:\MINA\Drill and blast\Deswik\MB_CP_MVV_final.gmdlb | M118: R1 | O118: II | P118: Production | Q118: Emulsao 1.15g/cm3 | R118: 1 Booster 450g | S118: 1 Esp Elet | T118: 1 Esp n Elet | X118: Sandvik DP1500i | Z118: Planned | AA118: Tampao 1.5m + 1m Air Deck | AB118: 5 | AC118: 748678.87 | AD118: 8930425.2 | AE118: 189.74 | AF118: 748678.87 | AG118: 8930425.2 | AH118: 184.4 | AI118: 5.34 | AJ118: 0.6 | AK118: 2.97 | AL118: 2.58 | AM118: 0 | AN118: 0 | AO118: 358 | AP118: 2.78 | AQ118: 0 | AR118: 0 | AS118: 0 | AT118: 0 | AU118: 0 | AV118: 0 | AW118: 0 | AX118: 0 | AY118: 2.5 | AZ118: 41.35 | BA118: 0 | BB118: 0 | BC118: 0 | BD118: 0
A119: 46304 | B119: 118 | C119: LIB065 | D119: NW | E119: 2 | F119: 184 | G119: 0 | H119: PP0651026 | I119: Gabbro | J119: WST | K119: NA | L119: T:\MINA\Drill and blast\Deswik\MB_CP_MVV_final.gmdlb | M119: R1 | O119: II | P119: Production | Q119: Emulsao 1.15g/cm3 | R119: 1 Booster 450g | S119: 1 Esp Elet | T119: 1 Esp n Elet | X119: Sandvik DP1500i | Z119: Planned | AA119: Tampao 1.5m + 1m Air Deck | AB119: 5 | AC119: 748680.93 | AD119: 8930426.7 | AE119: 189.27 | AF119: 748680.93 | AG119: 8930426.7 | AH119: 184.4 | AI119: 4.87 | AJ119: 0.6 | AK119: 2.97 | AL119: 2.58 | AM119: 0 | AN119: 0 | AO119: 358 | AP119: 2.78 | AQ119: 0 | AR119: 0 | AS119: 0 | AT119: 0 | AU119: 0 | AV119: 0 | AW119: 0 | AX119: 0 | AY119: 2.5 | AZ119: 34.507 | BA119: 0 | BB119: 0 | BC119: 0 | BD119: 0
A120: 46304 | B120: 119 | C120: LIB065 | D120: NW | E120: 2 | F120: 184 | G120: 0 | H120: PP0651026 | I120: Gabbro | J120: WST | K120: NA | L120: T:\MINA\Drill and blast\Deswik\MB_CP_MVV_final.gmdlb | M120: R1 | O120: II | P120: Production | Q120: Emulsao 1.15g/cm3 | R120: 1 Booster 450g | S120: 1 Esp Elet | T120: 1 Esp n Elet | X120: Sandvik DP1500i | Z120: Planned | AA120: Tampao 1.5m + 1m Air Deck | AB120: 5 | AC120: 748683.22 | AD120: 8930428.6 | AE120: 189.06 | AF120: 748683.22 | AG120: 8930428.6 | AH120: 184.4 | AI120: 4.66 | AJ120: 0.6 | AK120: 2.97 | AL120: 2.58 | AM120: 0 | AN120: 0 | AO120: 358 | AP120: 2.79 | AQ120: 0 | AR120: 0 | AS120: 0 | AT120: 0 | AU120: 0 | AV120: 0 | AW120: 0 | AX120: 0 | AY120: 2.5 | AZ120: 31.45 | BA120: 0 | BB120: 0 | BC120: 0 | BD120: 0
A121: 46304 | B121: 120 | C121: LIB065 | D121: NW | E121: 2 | F121: 184 | G121: 0 | H121: PP0651026 | I121: Gabbro | J121: WST | K121: NA | L121: T:\MINA\Drill and blast\Deswik\MB_CP_MVV_final.gmdlb | M121: R1 | O121: II | P121: Production | Q121: Emulsao 1.15g/cm3 | R121: 1 Booster 450g | S121: 1 Esp Elet | T121: 1 Esp n Elet | X121: Sandvik DP1500i | Z121: Planned | AA121: Tampao 1.5m + 1m Air Deck | AB121: 5 | AC121: 748685.34 | AD121: 8930430.7 | AE121: 189.08 | AF121: 748685.34 | AG121: 8930430.7 | AH121: 184.4 | AI121: 4.68 | AJ121: 0.6 | AK121: 2.97 | AL121: 2.58 | AM121: 0 | AN121: 0 | AO121: 358 | AP121: 2.79 | AQ121: 0 | AR121: 0 | AS121: 0 | AT121: 0 | AU121: 0 | AV121: 0 | AW121: 0 | AX121: 0 | AY121: 2.5 | AZ121: 31.741 | BA121: 0 | BB121: 0 | BC121: 0 | BD121: 0
A122: 46304 | B122: 121 | C122: LIB065 | D122: NW | E122: 2 | F122: 184 | G122: 0 | H122: PP0651026 | I122: Gabbro | J122: WST | K122: NA | L122: T:\MINA\Drill and blast\Deswik\MB_CP_MVV_final.gmdlb | M122: R1 | O122: II | P122: Production | Q122: Emulsao 1.15g/cm3 | R122: 1 Booster 450g | S122: 1 Esp Elet | T122: 1 Esp n Elet | X122: Sandvik DP1500i | Z122: Planned | AA122: Tampao 2.3m + 1m Air Deck | AB122: 5 | AC122: 748687.14 | AD122: 8930433 | AE122: 189.21 | AF122: 748687.14 | AG122: 8930433 | AH122: 184.4 | AI122: 4.81 | AJ122: 0.6 | AK122: 2.97 | AL122: 2.58 | AM122: 0 | AN122: 0 | AO122: 358 | AP122: 2.79 | AQ122: 0 | AR122: 0 | AS122: 0 | AT122: 0 | AU122: 0 | AV122: 0 | AW122: 0 | AX122: 0 | AY122: 3.3 | AZ122: 21.986 | BA122: 0 | BB122: 0 | BC122: 0 | BD122: 0
A123: 46304 | B123: 122 | C123: LIB065 | D123: NW | E123: 2 | F123: 184 | G123: 0 | H123: PP0651026 | I123: Gneiss | J123: WST | K123: NA | L123: T:\MINA\Drill and blast\Deswik\MB_CP_MVV_final.gmdlb | M123: R1 | O123: II | P123: Production | Q123: Emulsao 1.15g/cm3 | R123: 1 Booster 450g | S123: 1 Esp Elet | T123: 1 Esp n Elet | X123: Sandvik DP1500i | Z123: Planned | AA123: Tampao 1.5m + 1m Air Deck | AB123: 5 | AC123: 748688.75 | AD123: 8930435.5 | AE123: 189.41 | AF123: 748688.75 | AG123: 8930435.5 | AH123: 184.4 | AI123: 5.01 | AJ123: 0.6 | AK123: 2.97 | AL123: 2.58 | AM123: 0 | AN123: 0 | AO123: 358 | AP123: 2.79 | AQ123: 0 | AR123: 0 | AS123: 0 | AT123: 0 | AU123: 0 | AV123: 0 | AW123: 0 | AX123: 0 | AY123: 2.5 | AZ123: 36.546 | BA123: 0 | BB123: 0 | BC123: 0 | BD123: 0
A124: 46304 | B124: 123 | C124: LIB065 | D124: NW | E124: 2 | F124: 184 | G124: 0 | H124: PP0651026 | I124: Gneiss | J124: WST | K124: NA | L124: T:\MINA\Drill and blast\Deswik\MB_CP_MVV_final.gmdlb | M124: R1 | O124: II | P124: Production | Q124: Emulsao 1.15g/cm3 | R124: 1 Booster 450g | S124: 1 Esp Elet | T124: 1 Esp n Elet | X124: Sandvik DP1500i | Z124: Planned | AA124: Tampao 1.5m + 1m Air Deck | AB124: 5 | AC124: 748690.15 | AD124: 8930438.2 | AE124: 189.62 | AF124: 748690.15 | AG124: 8930438.2 | AH124: 184.4 | AI124: 5.22 | AJ124: 0.6 | AK124: 2.97 | AL124: 2.58 | AM124: 0 | AN124: 0 | AO124: 358 | AP124: 2.79 | AQ124: 0 | AR124: 0 | AS124: 0 | AT124: 0 | AU124: 0 | AV124: 0 | AW124: 0 | AX124: 0 | AY124: 2.5 | AZ124: 39.603 | BA124: 0 | BB124: 0 | BC124: 0 | BD124: 0
A125: 46304 | B125: 124 | C125: LIB065 | D125: NW | E125: 2 | F125: 184 | G125: 0 | H125: PP0651026 | I125: Gneiss | J125: WST | K125: NA | L125: T:\MINA\Drill and blast\Deswik\MB_CP_MVV_final.gmdlb | M125: R1 | O125: II | P125: Production | Q125: Emulsao 1.15g/cm3 | R125: 1 Booster 450g | S125: 1 Esp Elet | T125: 1 Esp n Elet | X125: Sandvik DP1500i | Z125: Planned | AA125: Tampao 1.5m + 1m Air Deck | AB125: 5 | AC125: 748691.28 | AD125: 8930440.9 | AE125: 189.6 | AF125: 748691.28 | AG125: 8930440.9 | AH125: 184.4 | AI125: 5.2 | AJ125: 0.6 | AK125: 2.97 | AL125: 2.58 | AM125: 0 | AN125: 0 | AO125: 358 | AP125: 2.81 | AQ125: 0 | AR125: 0 | AS125: 0 | AT125: 0 | AU125: 0 | AV125: 0 | AW125: 0 | AX125: 0 | AY125: 2.5 | AZ125: 39.312 | BA125: 0 | BB125: 0 | BC125: 0 | BD125: 0
A126: 46304 | B126: 125 | C126: LIB065 | D126: NW | E126: 2 | F126: 184 | G126: 0 | H126: PP0651026 | I126: Gneiss | J126: WST | K126: NA | L126: T:\MINA\Drill and blast\Deswik\MB_CP_MVV_final.gmdlb | M126: R1 | O126: II | P126: Production | Q126: Emulsao 1.15g/cm3 | R126: 1 Booster 450g | S126: 1 Esp Elet | T126: 1 Esp n Elet | X126: Sandvik DP1500i | Z126: Planned | AA126: Tampao 1.5m + 1m Air Deck | AB126: 5 | AC126: 748692.19 | AD126: 8930443.7 | AE126: 189.6 | AF126: 748692.19 | AG126: 8930443.7 | AH126: 184.4 | AI126: 5.2 | AJ126: 0.6 | AK126: 2.97 | AL126: 2.58 | AM126: 0 | AN126: 0 | AO126: 358 | AP126: 2.82 | AQ126: 0 | AR126: 0 | AS126: 0 | AT126: 0 | AU126: 0 | AV126: 0 | AW126: 0 | AX126: 0 | AY126: 2.5 | AZ126: 39.312 | BA126: 0 | BB126: 0 | BC126: 0 | BD126: 0
A127: 46304 | B127: 126 | C127: LIB065 | D127: NW | E127: 2 | F127: 184 | G127: 0 | H127: PP0651026 | I127: Gneiss | J127: WST | K127: NA | L127: T:\MINA\Drill and blast\Deswik\MB_CP_MVV_final.gmdlb | M127: R1 | O127: II | P127: Production | Q127: Emulsao 1.15g/cm3 | R127: 1 Booster 450g | S127: 1 Esp Elet | T127: 1 Esp n Elet | X127: Sandvik DP1500i | Z127: Planned | AA127: Tampao 1.5m + 1m Air Deck | AB127: 5 | AC127: 748693.25 | AD127: 8930446.5 | AE127: 189.69 | AF127: 748693.25 | AG127: 8930446.5 | AH127: 184.4 | AI127: 5.29 | AJ127: 0.6 | AK127: 2.97 | AL127: 2.58 | AM127: 0 | AN127: 0 | AO127: 358 | AP127: 2.82 | AQ127: 0 | AR127: 0 | AS127: 0 | AT127: 0 | AU127: 0 | AV127: 0 | AW127: 0 | AX127: 0 | AY127: 2.5 | AZ127: 40.622 | BA127: 0 | BB127: 0 | BC127: 0 | BD127: 0
A128: 46304 | B128: 127 | C128: LIB065 | D128: NW | E128: 2 | F128: 184 | G128: 0 | H128: PP0651026 | I128: Gneiss | J128: WST | K128: NA | L128: T:\MINA\Drill and blast\Deswik\MB_CP_MVV_final.gmdlb | M128: R1 | O128: II | P128: Production | Q128: Emulsao 1.15g/cm3 | R128: 1 Booster 450g | S128: 1 Esp Elet | T128: 1 Esp n Elet | X128: Sandvik DP1500i | Z128: Planned | AA128: Tampao 1.5m + 1m Air Deck | AB128: 5 | AC128: 748694.77 | AD128: 8930449 | AE128: 189.71 | AF128: 748694.77 | AG128: 8930449 | AH128: 184.4 | AI128: 5.31 | AJ128: 0.6 | AK128: 2.97 | AL128: 2.58 | AM128: 0 | AN128: 0 | AO128: 358 | AP128: 2.82 | AQ128: 0 | AR128: 0 | AS128: 0 | AT128: 0 | AU128: 0 | AV128: 0 | AW128: 0 | AX128: 0 | AY128: 2.5 | AZ128: 40.914 | BA128: 0 | BB128: 0 | BC128: 0 | BD128: 0
A129: 46304 | B129: 128 | C129: LIB065 | D129: NW | E129: 2 | F129: 184 | G129: 0 | H129: PP0651026 | I129: Gneiss | J129: WST | K129: NA | L129: T:\MINA\Drill and blast\Deswik\MB_CP_MVV_final.gmdlb | M129: R1 | O129: II | P129: Production | Q129: Emulsao 1.15g/cm3 | R129: 1 Booster 450g | S129: 1 Esp Elet | T129: 1 Esp n Elet | X129: Sandvik DP1500i | Z129: Planned | AA129: Tampao 1.5m + 1m Air Deck | AB129: 5 | AC129: 748696.29 | AD129: 8930451.6 | AE129: 189.81 | AF129: 748696.29 | AG129: 8930451.6 | AH129: 184.4 | AI129: 5.41 | AJ129: 0.6 | AK129: 2.97 | AL129: 2.58 | AM129: 0 | AN129: 0 | AO129: 358 | AP129: 2.83 | AQ129: 0 | AR129: 0 | AS129: 0 | AT129: 0 | AU129: 0 | AV129: 0 | AW129: 0 | AX129: 0 | AY129: 2.5 | AZ129: 42.37 | BA129: 0 | BB129: 0 | BC129: 0 | BD129: 0
... A283: 46304 | B283: 282 | C283: LIB065 | D283: NW | E283: 2 | F283: 185 | G283: 1 | H283: PP0651026 | I283: Magnetite-Norite | J283: ORE_MG_TP1_D1 | K283: F3 | L283: T:\MINA\Drill and blast\Deswik\MB_CP_MVV_final.gmdlb | M283: R5 | O283: II | P283: Production | Q283: Emulsao 1.15g/cm3 | R283: 1 Booster 450g | S283: 1 Esp Elet | T283: 1 Esp n Elet | X283: Sandvik DP1500i | Z283: Planned | AA283: Tampao 1.5m + 1m Air Deck | AB283: 5 | AC283: 748719.41 | AD283: 8930490.8 | AE283: 189.43 | AF283: 748719.41 | AG283: 8930490.8 | AH283: 184.68 | AI283: 4.75 | AJ283: 0.6 | AK283: 2.97 | AL283: 2.58 | AM283: 0 | AN283: 0 | AO283: 358 | AP283: 3.34 | AQ283: 0.7 | AR283: 0.11 | AS283: 0.09 | AT283: 19.83 | AU283: 5.89 | AV283: 0.36 | AW283: 1.95 | AX283: 8.38 | AY283: 2.5 | AZ283: 32.76 | BA283: 0 | BB283: 0 | BC283: 0 | BD283: 0
A284: 46304 | B284: 283 | C284: LIB065 | D284: NW | E284: 2 | F284: 180 | G284: 0 | H284: PP0651026 | I284: Gabbro | J284: WST | K284: NA | L284: T:\MINA\Drill and blast\Deswik\MB_CP_MVV_final.gmdlb | M284: R1 | O284: II | P284: Pre-Splitting | X284: Sandvik DP1500i | Z284: Planned | AB284: 5 | AC284: 748677.26 | AD284: 8930421.7 | AE284: 190.2 | AF284: 748678.24 | AG284: 8930419.2 | AH284: 180 | AI284: 10.55 | AJ284: 0 | AK284: 1.5 | AL284: 0.8 | AM284: 158.39 | AN284: 14.74 | AO284: 0 | AP284: 2.79 | AQ284: 0 | AR284: 0 | AS284: 0 | AT284: 0 | AU284: 0 | AV284: 0 | AW284: 0 | AX284: 0 | AY284: 0 | AZ284: 0 | BA284: 0 | BB284: 0 | BC284: 0 | BD284: 0
A285: 46304 | B285: 284 | C285: LIB065 | D285: NW | E285: 0 | F285: 180 | G285: 0 | H285: PP0651026 | J285: WST | L285: T:\MINA\Drill and blast\Deswik\MB_CP_MVV_final.gmdlb | O285: II | P285: Pre-Splitting | X285: Sandvik DP1500i | Z285: Planned | AB285: 5 | AC285: 748678.65 | AD285: 8930422.2 | AE285: 189.73 | AF285: 748679.77 | AG285: 8930419.8 | AH285: 180 | AI285: 10.1 | AJ285: 0 | AK285: 1.5 | AL285: 0.8 | AM285: 155.41 | AN285: 15.44 | AO285: 0 | AP285: 2.79 | AQ285: 0 | AR285: 0 | AS285: 0 | AT285: 0 | AU285: 0 | AV285: 0 | AW285: 0 | AX285: 0 | AY285: 0 | AZ285: 0 | BA285: 0 | BB285: 0 | BC285: 0 | BD285: 0
A286: 46304 | B286: 285 | C286: LIB065 | D286: NW | E286: 0 | F286: 180 | G286: 0 | H286: PP0651026 | J286: WST | L286: T:\MINA\Drill and blast\Deswik\MB_CP_MVV_final.gmdlb | O286: II | P286: Pre-Splitting | X286: Sandvik DP1500i | Z286: Planned | AB286: 5 | AC286: 748680.01 | AD286: 8930422.9 | AE286: 189.4 | AF286: 748681.26 | AG286: 8930420.5 | AH286: 180 | AI286: 9.78 | AJ286: 0 | AK286: 1.5 | AL286: 0.8 | AM286: 152.38 | AN286: 15.99 | AO286: 0 | AP286: 2.79 | AQ286: 0 | AR286: 0 | AS286: 0 | AT286: 0 | AU286: 0 | AV286: 0 | AW286: 0 | AX286: 0 | AY286: 0 | AZ286: 0 | BA286: 0 | BB286: 0 | BC286: 0 | BD286: 0
A287: 46304 | B287: 286 | C287: LIB065 | D287: NW | E287: 0 | F287: 180 | G287: 0 | H287: PP0651026 | J287: WST | L287: T:\MINA\Drill and blast\Deswik\MB_CP_MVV_final.gmdlb | O287: II | P287: Pre-Splitting | X287: Sandvik DP1500i | Z287: Planned | AB287: 5 | AC287: 748681.34 | AD287: 8930423.6 | AE287: 189.2 | AF287: 748682.72 | AG287: 8930421.2 | AH287: 180 | AI287: 9.59 | AJ287: 0 | AK287: 1.5 | AL287: 0.8 | AM287: 149.22 | AN287: 16.3 | AO287: 0 | AP287: 2.79 | AQ287: 0 | AR287: 0 | AS287: 0 | AT287: 0 | AU287: 0 | AV287: 0 | AW287: 0 | AX287: 0 | AY287: 0 | AZ287: 0 | BA287: 0 | BB287: 0 | BC287: 0 | BD287: 0
A288: 46304 | B288: 287 | C288: LIB065 | D288: NW | E288: 0 | F288: 180 | G288: 0 | H288: PP0651026 | J288: WST | L288: T:\MINA\Drill and blast\Deswik\MB_CP_MVV_final.gmdlb | O288: II | P288: Pre-Splitting | X288: Sandvik DP1500i | Z288: Planned | AB288: 5 | AC288: 748682.63 | AD288: 8930424.3 | AE288: 189.06 | AF288: 748684.13 | AG288: 8930422.1 | AH288: 180 | AI288: 9.45 | AJ288: 0 | AK288: 1.5 | AL288: 0.8 | AM288: 145.99 | AN288: 16.52 | AO288: 0 | AP288: 2.78 | AQ288: 0 | AR288: 0 | AS288: 0 | AT288: 0 | AU288: 0 | AV288: 0 | AW288: 0 | AX288: 0 | AY288: 0 | AZ288: 0 | BA288: 0 | BB288: 0 | BC288: 0 | BD288: 0
A289: 46304 | B289: 288 | C289: LIB065 | D289: NW | E289: 0 | F289: 180 | G289: 0 | H289: PP0651026 | J289: WST | L289: T:\MINA\Drill and blast\Deswik\MB_CP_MVV_final.gmdlb | O289: II | P289: Pre-Splitting | X289: Sandvik DP1500i | Z289: Planned | AB289: 5 | AC289: 748683.87 | AD289: 8930425.2 | AE289: 189.06 | AF289: 748685.5 | AG289: 8930423 | AH289: 180 | AI289: 9.45 | AJ289: 0 | AK289: 1.5 | AL289: 0.8 | AM289: 142.8 | AN289: 16.54 | AO289: 0 | AP289: 2.78 | AQ289: 0 | AR289: 0 | AS289: 0 | AT289: 0 | AU289: 0 | AV289: 0 | AW289: 0 | AX289: 0 | AY289: 0 | AZ289: 0 | BA289: 0 | BB289: 0 | BC289: 0 | BD289: 0
A290: 46304 | B290: 289 | C290: LIB065 | D290: NW | E290: 0 | F290: 180 | G290: 0 | H290: PP0651026 | J290: WST | L290: T:\MINA\Drill and blast\Deswik\MB_CP_MVV_final.gmdlb | O290: II | P290: Pre-Splitting | X290: Sandvik DP1500i | Z290: Planned | AB290: 5 | AC290: 748685.07 | AD290: 8930426.1 | AE290: 189 | AF290: 748686.81 | AG290: 8930424 | AH290: 180 | AI290: 9.39 | AJ290: 0 | AK290: 1.5 | AL290: 0.8 | AM290: 139.71 | AN290: 16.66 | AO290: 0 | AP290: 2.78 | AQ290: 0 | AR290: 0 | AS290: 0 | AT290: 0 | AU290: 0 | AV290: 0 | AW290: 0 | AX290: 0 | AY290: 0 | AZ290: 0 | BA290: 0 | BB290: 0 | BC290: 0 | BD290: 0
A291: 46304 | B291: 290 | C291: LIB065 | D291: NW | E291: 0 | F291: 180 | G291: 0 | H291: PP0651026 | J291: WST | L291: T:\MINA\Drill and blast\Deswik\MB_CP_MVV_final.gmdlb | O291: II | P291: Pre-Splitting | X291: Sandvik DP1500i | Z291: Planned | AB291: 5 | AC291: 748686.21 | AD291: 8930427 | AE291: 188.97 | AF291: 748688.05 | AG291: 8930425.1 | AH291: 180 | AI291: 9.36 | AJ291: 0 | AK291: 1.5 | AL291: 0.8 | AM291: 136.8 | AN291: 16.65 | AO291: 0 | AP291: 2.78 | AQ291: 0 | AR291: 0 | AS291: 0 | AT291: 0 | AU291: 0 | AV291: 0 | AW291: 0 | AX291: 0 | AY291: 0 | AZ291: 0 | BA291: 0 | BB291: 0 | BC291: 0 | BD291: 0
A292: 46304 | B292: 291 | C292: LIB065 | D292: NW | E292: 0 | F292: 180 | G292: 0 | H292: PP0651026 | J292: WST | L292: T:\MINA\Drill and blast\Deswik\MB_CP_MVV_final.gmdlb | O292: II | P292: Pre-Splitting | X292: Sandvik DP1500i | Z292: Planned | AB292: 5 | AC292: 748687.31 | AD292: 8930428.1 | AE292: 188.99 | AF292: 748689.23 | AG292: 8930426.2 | AH292: 180 | AI292: 9.38 | AJ292: 0 | AK292: 1.5 | AL292: 0.8 | AM292: 134.14 | AN292: 16.62 | AO292: 0 | AP292: 2.78 | AQ292: 0 | AR292: 0 | AS292: 0 | AT292: 0 | AU292: 0 | AV292: 0 | AW292: 0 | AX292: 0 | AY292: 0 | AZ292: 0 | BA292: 0 | BB292: 0 | BC292: 0 | BD292: 0
A293: 46304 | B293: 292 | C293: LIB065 | D293: NW | E293: 0 | F293: 180 | G293: 0 | H293: PP0651026 | J293: WST | L293: T:\MINA\Drill and blast\Deswik\MB_CP_MVV_final.gmdlb | O293: II | P293: Pre-Splitting | X293: Sandvik DP1500i | Z293: Planned | AB293: 5 | AC293: 748688.35 | AD293: 8930429.1 | AE293: 189 | AF293: 748690.35 | AG293: 8930427.3 | AH293: 180 | AI293: 9.39 | AJ293: 0 | AK293: 1.5 | AL293: 0.8 | AM293: 131.75 | AN293: 16.63 | AO293: 0 | AP293: 2.78 | AQ293: 0 | AR293: 0 | AS293: 0 | AT293: 0 | AU293: 0 | AV293: 0 | AW293: 0 | AX293: 0 | AY293: 0 | AZ293: 0 | BA293: 0 | BB293: 0 | BC293: 0 | BD293: 0
A294: 46304 | B294: 293 | C294: LIB065 | D294: NW | E294: 0 | F294: 180 | G294: 0 | H294: PP0651026 | J294: WST | L294: T:\MINA\Drill and blast\Deswik\MB_CP_MVV_final.gmdlb | O294: II | P294: Pre-Splitting | X294: Sandvik DP1500i | Z294: Planned | AB294: 5 | AC294: 748689.35 | AD294: 8930430.3 | AE294: 189 | AF294: 748691.42 | AG294: 8930428.5 | AH294: 180 | AI294: 9.39 | AJ294: 0 | AK294: 1.5 | AL294: 0.8 | AM294: 129.67 | AN294: 16.63 | AO294: 0 | AP294: 2.79 | AQ294: 0 | AR294: 0 | AS294: 0 | AT294: 0 | AU294: 0 | AV294: 0 | AW294: 0 | AX294: 0 | AY294: 0 | AZ294: 0 | BA294: 0 | BB294: 0 | BC294: 0 | BD294: 0
A295: 46304 | B295: 294 | C295: LIB065 | D295: NW | E295: 0 | F295: 180 | G295: 0 | H295: PP0651026 | J295: WST | L295: T:\MINA\Drill and blast\Deswik\MB_CP_MVV_final.gmdlb | O295: II | P295: Pre-Splitting | X295: Sandvik DP1500i | Z295: Planned | AB295: 5 | AC295: 748690.31 | AD295: 8930431.4 | AE295: 189.06 | AF295: 748692.43 | AG295: 8930429.8 | AH295: 180 | AI295: 9.45 | AJ295: 0 | AK295: 1.5 | AL295: 0.8 | AM295: 127.89 | AN295: 16.49 | AO295: 0 | AP295: 2.79 | AQ295: 0 | AR295: 0 | AS295: 0 | AT295: 0 | AU295: 0 | AV295: 0 | AW295: 0 | AX295: 0 | AY295: 0 | AZ295: 0 | BA295: 0 | BB295: 0 | BC295: 0 | BD295: 0
A296: 46304 | B296: 295 | C296: LIB065 | D296: NW | E296: 0 | F296: 180 | G296: 0 | H296: PP0651026 | J296: WST | L296: T:\MINA\Drill and blast\Deswik\MB_CP_MVV_final.gmdlb | O296: II | P296: Pre-Splitting | X296: Sandvik DP1500i | Z296: Planned | AB296: 5 | AC296: 748691.23 | AD296: 8930432.6 | AE296: 189.12 | AF296: 748693.39 | AG296: 8930431 | AH296: 180 | AI296: 9.51 | AJ296: 0 | AK296: 1.5 | AL296: 0.8 | AM296: 126.39 | AN296: 16.38 | AO296: 0 | AP296: 2.79 | AQ296: 0 | AR296: 0 | AS296: 0 | AT296: 0 | AU296: 0 | AV296: 0 | AW296: 0 | AX296: 0 | AY296: 0 | AZ296: 0 | BA296: 0 | BB296: 0 | BC296: 0 | BD296: 0
... A320: 46304 | B320: 319 | C320: LIB065 | D320: NW | E320: 0 | F320: 180 | G320: 1 | H320: PP0651026 | J320: ORE_MG_TP1_D1 | L320: T:\MINA\Drill and blast\Deswik\MB_CP_MVV_final.gmdlb | O320: II | P320: Pre-Splitting | X320: Sandvik DP1500i | Z320: Planned | AB320: 5 | AC320: 748706.86 | AD320: 8930464.6 | AE320: 189.95 | AF320: 748709.51 | AG320: 8930464.2 | AH320: 180 | AI320: 10.31 | AJ320: 0 | AK320: 1.5 | AL320: 0.8 | AM320: 99.17 | AN320: 15.06 | AO320: 0 | AP320: 3.23 | AQ320: 0.4 | AR320: 0.06 | AS320: 0.05 | AT320: 11.72 | AU320: 4.59 | AV320: 0.43 | AW320: 0.81 | AX320: 6.78 | AY320: 0 | AZ320: 0 | BA320: 0 | BB320: 0 | BC320: 0 | BD320: 0
A321: 46304 | B321: 320 | C321: LIB065 | D321: NW | E321: 2 | F321: 180 | G321: 1 | H321: PP0651026 | I321: Magnetite-Norite | J321: ORE_MG_TP1_D1 | K321: NA | L321: T:\MINA\Drill and blast\Deswik\MB_CP_MVV_final.gmdlb | M321: R1 | O321: II | P321: Pre-Splitting | X321: Sandvik DP1500i | Z321: Planned | AB321: 5 | AC321: 748707.11 | AD321: 8930466.1 | AE321: 189.99 | AF321: 748709.77 | AG321: 8930465.8 | AH321: 180 | AI321: 10.34 | AJ321: 0 | AK321: 1.5 | AL321: 0.8 | AM321: 95.39 | AN321: 15.02 | AO321: 0 | AP321: 3.23 | AQ321: 0.4 | AR321: 0.06 | AS321: 0.05 | AT321: 11.72 | AU321: 4.59 | AV321: 0.43 | AW321: 0.81 | AX321: 6.78 | AY321: 0 | AZ321: 0 | BA321: 0 | BB321: 0 | BC321: 0 | BD321: 0
A322: 46304 | B322: 321 | C322: LIB065 | D322: NW | E322: 2 | F322: 180 | G322: 1 | H322: PP0651026 | I322: Magnetite-Norite | J322: ORE_MG_TP1_D1 | K322: NA | L322: T:\MINA\Drill and blast\Deswik\MB_CP_MVV_final.gmdlb | M322: R1 | O322: II | P322: Pre-Splitting | X322: Sandvik DP1500i | Z322: Planned | AB322: 5 | AC322: 748707.25 | AD322: 8930467.6 | AE322: 190.02 | AF322: 748709.91 | AG322: 8930467.3 | AH322: 180 | AI322: 10.37 | AJ322: 0 | AK322: 1.5 | AL322: 0.8 | AM322: 95.09 | AN322: 14.93 | AO322: 0 | AP322: 3.23 | AQ322: 0.4 | AR322: 0.06 | AS322: 0.05 | AT322: 11.77 | AU322: 4.61 | AV322: 0.42 | AW322: 0.83 | AX322: 6.83 | AY322: 0 | AZ322: 0 | BA322: 0 | BB322: 0 | BC322: 0 | BD322: 0
A323: 46304 | B323: 322 | C323: LIB065 | D323: NW | E323: 2 | F323: 180 | G323: 1 | H323: PP0651026 | I323: Magnetite-Norite | J323: ORE_MG_TP1_D1 | K323: F3 | L323: T:\MINA\Drill and blast\Deswik\MB_CP_MVV_final.gmdlb | M323: R5 | O323: II | P323: Pre-Splitting | X323: Sandvik DP1500i | Z323: Planned | AB323: 5 | AC323: 748707.38 | AD323: 8930469.1 | AE323: 190.02 | AF323: 748710 | AG323: 8930468.4 | AH323: 180 | AI323: 10.38 | AJ323: 0 | AK323: 1.5 | AL323: 0.8 | AM323: 104.8 | AN323: 15.15 | AO323: 0 | AP323: 3.23 | AQ323: 0.41 | AR323: 0.06 | AS323: 0.05 | AT323: 11.83 | AU323: 4.64 | AV323: 0.42 | AW323: 0.85 | AX323: 6.88 | AY323: 0 | AZ323: 0 | BA323: 0 | BB323: 0 | BC323: 0 | BD323: 0
A324: 46304 | B324: 323 | C324: LIB065 | D324: NW | E324: 2 | F324: 180 | G324: 1 | H324: PP0651026 | I324: Magnetite-Norite | J324: ORE_MG_TP1_D1 | K324: F3 | L324: T:\MINA\Drill and blast\Deswik\MB_CP_MVV_final.gmdlb | M324: R5 | O324: II | P324: Pre-Splitting | X324: Sandvik DP1500i | Z324: Planned | AB324: 5 | AC324: 748707.76 | AD324: 8930470.5 | AE324: 189.96 | AF324: 748710.31 | AG324: 8930469.7 | AH324: 180 | AI324: 10.31 | AJ324: 0 | AK324: 1.5 | AL324: 0.8 | AM324: 107.44 | AN324: 15.03 | AO324: 0 | AP324: 3.23 | AQ324: 0.4 | AR324: 0.06 | AS324: 0.05 | AT324: 11.72 | AU324: 4.54 | AV324: 0.41 | AW324: 0.85 | AX324: 6.88 | AY324: 0 | AZ324: 0 | BA324: 0 | BB324: 0 | BC324: 0 | BD324: 0
A325: 46304 | B325: 324 | C325: LIB065 | D325: NW | E325: 2 | F325: 180 | G325: 1 | H325: PP0651026 | I325: Magnetite-Norite | J325: ORE_MG_TP1_D1 | K325: F3 | L325: T:\MINA\Drill and blast\Deswik\MB_CP_MVV_final.gmdlb | M325: R5 | O325: II | P325: Pre-Splitting | X325: Sandvik DP1500i | Z325: Planned | AB325: 5 | AC325: 748708.21 | AD325: 8930471.9 | AE325: 189.95 | AF325: 748710.77 | AG325: 8930471.2 | AH325: 180 | AI325: 10.31 | AJ325: 0 | AK325: 1.5 | AL325: 0.8 | AM325: 106.97 | AN325: 15.05 | AO325: 0 | AP325: 3.24 | AQ325: 0.43 | AR325: 0.07 | AS325: 0.05 | AT325: 11.97 | AU325: 4.45 | AV325: 0.36 | AW325: 1.08 | AX325: 7.26 | AY325: 0 | AZ325: 0 | BA325: 0 | BB325: 0 | BC325: 0 | BD325: 0
A326: 46304 | B326: 325 | C326: LIB065 | D326: NW | E326: 2 | F326: 180 | G326: 1 | H326: PP0651026 | I326: Magnetite-Norite | J326: ORE_MG_TP1_D1 | K326: F3 | L326: T:\MINA\Drill and blast\Deswik\MB_CP_MVV_final.gmdlb | M326: R5 | O326: II | P326: Pre-Splitting | X326: Sandvik DP1500i | Z326: Planned | AB326: 5 | AC326: 748708.65 | AD326: 8930473.4 | AE326: 189.94 | AF326: 748711.21 | AG326: 8930472.6 | AH326: 180 | AI326: 10.29 | AJ326: 0 | AK326: 1.5 | AL326: 0.8 | AM326: 107.14 | AN326: 15.07 | AO326: 0 | AP326: 3.25 | AQ326: 0.45 | AR326: 0.07 | AS326: 0.06 | AT326: 12.35 | AU326: 4.63 | AV326: 0.34 | AW326: 1.2 | AX326: 7.5 | AY326: 0 | AZ326: 0 | BA326: 0 | BB326: 0 | BC326: 0 | BD326: 0
A327: 46304 | B327: 326 | C327: LIB065 | D327: NW | E327: 2 | F327: 180 | G327: 1 | H327: PP0651026 | I327: Magnetite-Norite | J327: ORE_MG_TP1_D1 | K327: F3 | L327: T:\MINA\Drill and blast\Deswik\MB_CP_MVV_final.gmdlb | M327: R5 | O327: II | P327: Pre-Splitting | X327: Sandvik DP1500i | Z327: Planned | AB327: 5 | AC327: 748709.09 | AD327: 8930474.8 | AE327: 189.95 | AF327: 748711.64 | AG327: 8930474 | AH327: 180 | AI327: 10.3 | AJ327: 0 | AK327: 1.5 | AL327: 0.8 | AM327: 107.87 | AN327: 15.06 | AO327: 0 | AP327: 3.26 | AQ327: 0.48 | AR327: 0.08 | AS327: 0.06 | AT327: 12.9 | AU327: 4.87 | AV327: 0.33 | AW327: 1.35 | AX327: 7.85 | AY327: 0 | AZ327: 0 | BA327: 0 | BB327: 0 | BC327: 0 | BD327: 0
A328: 46304 | B328: 327 | C328: LIB065 | D328: NW | E328: 2 | F328: 180 | G328: 1 | H328: PP0651026 | I328: Magnetite-Norite | J328: ORE_MG_TP1_D1 | K328: F3 | L328: T:\MINA\Drill and blast\Deswik\MB_CP_MVV_final.gmdlb | M328: R5 | O328: II | P328: Pre-Splitting | X328: Sandvik DP1500i | Z328: Planned | AB328: 5 | AC328: 748709.55 | AD328: 8930476.2 | AE328: 189.97 | AF328: 748712.09 | AG328: 8930475.4 | AH328: 180 | AI328: 10.32 | AJ328: 0 | AK328: 1.5 | AL328: 0.8 | AM328: 108.08 | AN328: 15.02 | AO328: 0 | AP328: 3.27 | AQ328: 0.51 | AR328: 0.08 | AS328: 0.06 | AT328: 13.62 | AU328: 5.18 | AV328: 0.32 | AW328: 1.51 | AX328: 8.29 | AY328: 0 | AZ328: 0 | BA328: 0 | BB328: 0 | BC328: 0 | BD328: 0
A329: 46304 | B329: 328 | C329: LIB065 | D329: NW | E329: 2 | F329: 180 | G329: 1 | H329: PP0651026 | I329: Magnetite-Norite | J329: ORE_MG_TP1_D1 | K329: F3 | L329: T:\MINA\Drill and blast\Deswik\MB_CP_MVV_final.gmdlb | M329: R5 | O329: II | P329: Pre-Splitting | X329: Sandvik DP1500i | Z329: Planned | AB329: 5 | AC329: 748710.01 | AD329: 8930477.7 | AE329: 189.96 | AF329: 748712.52 | AG329: 8930476.7 | AH329: 180 | AI329: 10.31 | AJ329: 0 | AK329: 1.5 | AL329: 0.8 | AM329: 110.64 | AN329: 15.07 | AO329: 0 | AP329: 3.27 | AQ329: 0.51 | AR329: 0.08 | AS329: 0.06 | AT329: 13.62 | AU329: 5.18 | AV329: 0.32 | AW329: 1.51 | AX329: 8.29 | AY329: 0 | AZ329: 0 | BA329: 0 | BB329: 0 | BC329: 0 | BD329: 0
A330: 46304 | B330: 329 | C330: LIB065 | D330: NW | E330: 2 | F330: 180 | G330: 1 | H330: PP0651026 | I330: Magnetite-Norite | J330: ORE_MG_TP1_D1 | K330: F3 | L330: T:\MINA\Drill and blast\Deswik\MB_CP_MVV_final.gmdlb | M330: R5 | O330: II | P330: Pre-Splitting | X330: Sandvik DP1500i | Z330: Planned | AB330: 5 | AC330: 748710.54 | AD330: 8930479.1 | AE330: 189.9 | AF330: 748712.98 | AG330: 8930478 | AH330: 180 | AI330: 10.26 | AJ330: 0 | AK330: 1.5 | AL330: 0.8 | AM330: 114.44 | AN330: 15.16 | AO330: 0 | AP330: 3.27 | AQ330: 0.51 | AR330: 0.08 | AS330: 0.06 | AT330: 13.62 | AU330: 5.18 | AV330: 0.32 | AW330: 1.51 | AX330: 8.29 | AY330: 0 | AZ330: 0 | BA330: 0 | BB330: 0 | BC330: 0 | BD330: 0
A331: 46304 | B331: 330 | C331: LIB065 | D331: NW | E331: 2 | F331: 180 | G331: 1 | H331: PP0651026 | I331: Magnetite-Norite | J331: ORE_MG_TP1_D1 | K331: F3 | L331: T:\MINA\Drill and blast\Deswik\MB_CP_MVV_final.gmdlb | M331: R5 | O331: II | P331: Pre-Splitting | X331: Sandvik DP1500i | Z331: Planned | AB331: 5 | AC331: 748711.16 | AD331: 8930480.4 | AE331: 189.87 | AF331: 748713.52 | AG331: 8930479.2 | AH331: 180 | AI331: 10.23 | AJ331: 0 | AK331: 1.5 | AL331: 0.8 | AM331: 118.43 | AN331: 15.21 | AO331: 0 | AP331: 3.28 | AQ331: 0.55 | AR331: 0.09 | AS331: 0.07 | AT331: 14.54 | AU331: 5.43 | AV331: 0.31 | AW331: 1.66 | AX331: 8.48 | AY331: 0 | AZ331: 0 | BA331: 0 | BB331: 0 | BC331: 0 | BD331: 0
A332: 46304 | B332: 331 | C332: LIB065 | D332: NW | E332: 2 | F332: 180 | G332: 1 | H332: PP0651026 | I332: Magnetite-Norite | J332: ORE_MG_TP1_D1 | K332: F3 | L332: T:\MINA\Drill and blast\Deswik\MB_CP_MVV_final.gmdlb | M332: R5 | O332: II | P332: Pre-Splitting | X332: Sandvik DP1500i | Z332: Planned | AB332: 5 | AC332: 748711.87 | AD332: 8930481.8 | AE332: 189.85 | AF332: 748714.14 | AG332: 8930480.3 | AH332: 180 | AI332: 10.21 | AJ332: 0 | AK332: 1.5 | AL332: 0.8 | AM332: 122.52 | AN332: 15.26 | AO332: 0 | AP332: 3.3 | AQ332: 0.6 | AR332: 0.1 | AS332: 0.07 | AT332: 16.18 | AU332: 5.65 | AV332: 0.32 | AW332: 1.81 | AX332: 8.48 | AY332: 0 | AZ332: 0 | BA332: 0 | BB332: 0 | BC332: 0 | BD332: 0
... A403: 46304 | B403: 402 | C403: LIB065 | D403: NE | E403: 2 | F403: 180 | G403: 1 | H403: PP0601026 | I403: Gneiss | J403: ORE_MG_TP1_D1 | K403: F3 | L403: T:\MINA\Drill and blast\Deswik\MB_CP_MVV_final.gmdlb | M403: R5 | O403: II | P403: Pre-Splitting | X403: Sandvik DP1500i | Z403: Planned | AB403: 5 | AC403: 748804.42 | AD403: 8930534.4 | AE403: 194.79 | AF403: 748805.18 | AG403: 8930530.5 | AH403: 180 | AI403: 15.32 | AJ403: 0 | AK403: 1.5 | AL403: 0.8 | AM403: 169.06 | AN403: 15.14 | AO403: 0 | AP403: 3.3 | AQ403: 0.39 | AR403: 0.05 | AS403: 0.06 | AT403: 17.23 | AU403: 5.48 | AV403: 0.32 | AW403: 1.23 | AX403: 2.91 | AY403: 0 | AZ403: 0 | BA403: 0 | BB403: 0 | BC403: 0 | BD403: 0
A404: 46304 | B404: 403 | C404: LIB065 | D404: NE | E404: 2 | F404: 180 | G404: 1 | H404: PP0601026 | I404: Magnetite-Norite | J404: ORE_LG_TP1_D1 | K404: F3 | L404: T:\MINA\Drill and blast\Deswik\MB_CP_MVV_final.gmdlb | M404: R5 | O404: II | P404: Production | Q404: Emulsao 1.15g/cm3 | R404: 1 Booster 450g | S404: 1 Esp Elet | T404: 1 Esp n Elet | X404: Sandvik DP1500i | Z404: Planned | AA404: Tampao 2.3m + 1m Air Deck | AB404: 5 | AC404: 748804.51 | AD404: 8930529.1 | AE404: 194.88 | AF404: 748804.51 | AG404: 8930529.1 | AH404: 179.4 | AI404: 15.48 | AJ404: 0.6 | AK404: 3.37 | AL404: 2.93 | AM404: 0 | AN404: 0 | AO404: 358 | AP404: 3.27 | AQ404: 0.38 | AR404: 0.06 | AS404: 0.06 | AT404: 17.48 | AU404: 5.5 | AV404: 0.33 | AW404: 1.17 | AX404: 4.21 | AY404: 3.3 | AZ404: 177.341 | BA404: 0 | BB404: 0 | BC404: 0 | BD404: 0
A405: 46304 | B405: 404 | C405: LIB065 | D405: NE | E405: 2 | F405: 180 | G405: 1 | H405: PP0601026 | I405: Magnetite-Norite | J405: ORE_LG_TP1_D1 | K405: F3 | L405: T:\MINA\Drill and blast\Deswik\MB_CP_MVV_final.gmdlb | M405: R5 | O405: II | P405: Production | Q405: Emulsao 1.15g/cm3 | R405: 1 Booster 450g | S405: 1 Esp Elet | T405: 1 Esp n Elet | X405: Sandvik DP1500i | Z405: Planned | AA405: Tampao 2.3m + 1m Air Deck | AB405: 5 | AC405: 748801.27 | AD405: 8930528.2 | AE405: 194.94 | AF405: 748801.27 | AG405: 8930528.2 | AH405: 179.4 | AI405: 15.54 | AJ405: 0.6 | AK405: 3.37 | AL405: 2.93 | AM405: 0 | AN405: 0 | AO405: 358 | AP405: 3.26 | AQ405: 0.38 | AR405: 0.06 | AS405: 0.06 | AT405: 17.57 | AU405: 5.51 | AV405: 0.33 | AW405: 1.18 | AX405: 3.95 | AY405: 3.3 | AZ405: 178.214 | BA405: 0 | BB405: 0 | BC405: 0 | BD405: 0
A406: 46304 | B406: 405 | C406: LIB065 | D406: NE | E406: 2 | F406: 180 | G406: 1 | H406: PP0601026 | I406: Magnetite-Norite | J406: ORE_LG_TP1_D1 | K406: F3 | L406: T:\MINA\Drill and blast\Deswik\MB_CP_MVV_final.gmdlb | M406: R5 | O406: II | P406: Production | Q406: Emulsao 1.15g/cm3 | R406: 1 Booster 450g | S406: 1 Esp Elet | T406: 1 Esp n Elet | X406: Sandvik DP1500i | Z406: Planned | AA406: Tampao 2.3m + 1m Air Deck | AB406: 5 | AC406: 748798.09 | AD406: 8930527.1 | AE406: 195 | AF406: 748798.09 | AG406: 8930527.1 | AH406: 179.4 | AI406: 15.6 | AJ406: 0.6 | AK406: 3.37 | AL406: 2.93 | AM406: 0 | AN406: 0 | AO406: 358 | AP406: 3.31 | AQ406: 0.41 | AR406: 0.06 | AS406: 0.06 | AT406: 17.37 | AU406: 5.6 | AV406: 0.29 | AW406: 1.27 | AX406: 0.07 | AY406: 3.3 | AZ406: 179.088 | BA406: 0 | BB406: 0 | BC406: 0 | BD406: 0
A407: 46304 | B407: 406 | C407: LIB065 | D407: NE | E407: 2 | F407: 180 | G407: 1 | H407: PP0601026 | I407: Magnetite-Norite | J407: ORE_MG_TP1_D1 | K407: F3 | L407: T:\MINA\Drill and blast\Deswik\MB_CP_MVV_final.gmdlb | M407: R5 | O407: II | P407: Production | Q407: Emulsao 1.15g/cm3 | R407: 1 Booster 450g | S407: 1 Esp Elet | T407: 1 Esp n Elet | X407: Sandvik DP1500i | Z407: Planned | AA407: Tampao 2.3m + 1m Air Deck | AB407: 5 | AC407: 748794.87 | AD407: 8930526.1 | AE407: 195.03 | AF407: 748794.87 | AG407: 8930526.1 | AH407: 179.4 | AI407: 15.63 | AJ407: 0.6 | AK407: 3.37 | AL407: 2.93 | AM407: 0 | AN407: 0 | AO407: 358 | AP407: 3.3 | AQ407: 0.42 | AR407: 0.06 | AS407: 0.06 | AT407: 16.2 | AU407: 5.65 | AV407: 0.22 | AW407: 0.99 | AX407: 0 | AY407: 3.3 | AZ407: 179.525 | BA407: 0 | BB407: 0 | BC407: 0 | BD407: 0
A408: 46304 | B408: 407 | C408: LIB065 | D408: NE | E408: 2 | F408: 180 | G408: 1 | H408: PP0591026 | I408: Gabbro | J408: ORE_MG_TP1_D1 | K408: F3 | L408: T:\MINA\Drill and blast\Deswik\MB_CP_MVV_final.gmdlb | M408: R5 | O408: II | P408: Production | Q408: Emulsao 1.15g/cm3 | R408: 1 Booster 450g | S408: 1 Esp Elet | T408: 1 Esp n Elet | X408: Sandvik DP1500i | Z408: Planned | AA408: Tampao 2.3m + 1m Air Deck | AB408: 5 | AC408: 748791.55 | AD408: 8930525.5 | AE408: 195.18 | AF408: 748791.55 | AG408: 8930525.5 | AH408: 179.4 | AI408: 15.78 | AJ408: 0.6 | AK408: 3.37 | AL408: 2.93 | AM408: 0 | AN408: 0 | AO408: 358 | AP408: 3.29 | AQ408: 0.43 | AR408: 0.06 | AS408: 0.05 | AT408: 14.96 | AU408: 5.74 | AV408: 0.16 | AW408: 0.72 | AX408: 0.23 | AY408: 3.3 | AZ408: 181.709 | BA408: 0 | BB408: 0 | BC408: 0 | BD408: 0
A409: 46304 | B409: 408 | C409: LIB065 | D409: NE | E409: 2 | F409: 180 | G409: 1 | H409: PP0591026 | I409: Gabbro | J409: ORE_MG_TP1_D1 | K409: F3 | L409: T:\MINA\Drill and blast\Deswik\MB_CP_MVV_final.gmdlb | M409: R5 | O409: II | P409: Production | Q409: Emulsao 1.15g/cm3 | R409: 1 Booster 450g | S409: 1 Esp Elet | T409: 1 Esp n Elet | X409: Sandvik DP1500i | Z409: Planned | AA409: Tampao 2.3m + 1m Air Deck | AB409: 5 | AC409: 748788.23 | AD409: 8930524.9 | AE409: 195.14 | AF409: 748788.23 | AG409: 8930524.9 | AH409: 179.4 | AI409: 15.74 | AJ409: 0.6 | AK409: 3.37 | AL409: 2.93 | AM409: 0 | AN409: 0 | AO409: 358 | AP409: 3.26 | AQ409: 0.46 | AR409: 0.06 | AS409: 0.05 | AT409: 13.75 | AU409: 6.23 | AV409: 0.1 | AW409: 0.71 | AX409: 2.36 | AY409: 3.3 | AZ409: 181.126 | BA409: 0 | BB409: 0 | BC409: 0 | BD409: 0
A410: 46304 | B410: 409 | C410: LIB065 | D410: NE | E410: 2 | F410: 180 | G410: 1 | H410: PP0591026 | I410: Gabbro | J410: ORE_MG_TP1_D1 | K410: F3 | L410: T:\MINA\Drill and blast\Deswik\MB_CP_MVV_final.gmdlb | M410: R5 | O410: II | P410: Production | Q410: Emulsao 1.15g/cm3 | R410: 1 Booster 450g | S410: 1 Esp Elet | T410: 1 Esp n Elet | X410: Sandvik DP1500i | Z410: Planned | AA410: Tampao 2.3m + 1m Air Deck | AB410: 5 | AC410: 748784.9 | AD410: 8930524.4 | AE410: 194.96 | AF410: 748784.9 | AG410: 8930524.4 | AH410: 179.4 | AI410: 15.56 | AJ410: 0.6 | AK410: 3.37 | AL410: 2.93 | AM410: 0 | AN410: 0 | AO410: 358 | AP410: 3.26 | AQ410: 0.41 | AR410: 0.06 | AS410: 0.04 | AT410: 12.4 | AU410: 5.77 | AV410: 0.06 | AW410: 0.93 | AX410: 0.35 | AY410: 3.3 | AZ410: 178.506 | BA410: 0 | BB410: 0 | BC410: 0 | BD410: 0
A411: 46304 | B411: 410 | C411: LIB065 | D411: NE | E411: 2 | F411: 180 | G411: 0 | H411: PP0591026 | I411: Gabbro | J411: ORE_MG_TP1_D1 | K411: F3 | L411: T:\MINA\Drill and blast\Deswik\MB_CP_MVV_final.gmdlb | M411: R5 | O411: II | P411: Production | Q411: Emulsao 1.15g/cm3 | R411: 1 Booster 450g | S411: 1 Esp Elet | T411: 1 Esp n Elet | X411: Sandvik DP1500i | Z411: Planned | AA411: Tampao 2.3m + 1m Air Deck | AB411: 5 | AC411: 748781.59 | AD411: 8930523.8 | AE411: 194.8 | AF411: 748781.59 | AG411: 8930523.8 | AH411: 179.4 | AI411: 15.4 | AJ411: 0.6 | AK411: 3.37 | AL411: 2.93 | AM411: 0 | AN411: 0 | AO411: 358 | AP411: 3.26 | AQ411: 0.41 | AR411: 0.06 | AS411: 0.04 | AT411: 12.33 | AU411: 5.68 | AV411: 0.06 | AW411: 0.99 | AX411: 0 | AY411: 3.3 | AZ411: 176.176 | BA411: 0 | BB411: 0 | BC411: 0 | BD411: 0
A412: 46304 | B412: 411 | C412: LIB065 | D412: NE | E412: 2 | F412: 180 | G412: 0 | H412: PP0591026 | I412: Gabbro | J412: ORE_MG_TP1_D1 | K412: F3 | L412: T:\MINA\Drill and blast\Deswik\MB_CP_MVV_final.gmdlb | M412: R5 | O412: II | P412: Production | Q412: Emulsao 1.15g/cm3 | R412: 1 Booster 450g | S412: 1 Esp Elet | T412: 1 Esp n Elet | X412: Sandvik DP1500i | Z412: Planned | AA412: Tampao 2.3m + 1m Air Deck | AB412: 5 | AC412: 748778.29 | AD412: 8930523.1 | AE412: 194.56 | AF412: 748778.29 | AG412: 8930523.1 | AH412: 179.4 | AI412: 15.16 | AJ412: 0.6 | AK412: 3.37 | AL412: 2.93 | AM412: 0 | AN412: 0 | AO412: 358 | AP412: 3.25 | AQ412: 0.41 | AR412: 0.06 | AS412: 0.04 | AT412: 12.58 | AU412: 5.63 | AV412: 0.07 | AW412: 1.04 | AX412: 0 | AY412: 3.3 | AZ412: 172.682 | BA412: 0 | BB412: 0 | BC412: 0 | BD412: 0
A413: 46304 | B413: 412 | C413: LIB065 | D413: NE | E413: 2 | F413: 180 | G413: 0 | H413: PP0591026 | I413: Gabbro | J413: ORE_MG_TP1_D1 | K413: F3 | L413: T:\MINA\Drill and blast\Deswik\MB_CP_MVV_final.gmdlb | M413: R5 | O413: II | P413: Production | Q413: Emulsao 1.15g/cm3 | R413: 1 Booster 450g | S413: 1 Esp Elet | T413: 1 Esp n Elet | X413: Sandvik DP1500i | Z413: Planned | AA413: Tampao 2.3m + 1m Air Deck | AB413: 5 | AC413: 748776.23 | AD413: 8930522.4 | AE413: 194.05 | AF413: 748776.23 | AG413: 8930522.4 | AH413: 179.41 | AI413: 14.64 | AJ413: 0.6 | AK413: 3.37 | AL413: 2.93 | AM413: 0 | AN413: 0 | AO413: 358 | AP413: 3.24 | AQ413: 0.4 | AR413: 0.06 | AS413: 0.04 | AT413: 12.27 | AU413: 5.42 | AV413: 0.07 | AW413: 1.04 | AX413: 0 | AY413: 3.3 | AZ413: 165.11 | BA413: 0 | BB413: 0 | BC413: 0 | BD413: 0
A414: 46304 | B414: 413 | C414: LIB065 | D414: NE | E414: 2 | F414: 180 | G414: 0 | H414: PP0591026 | I414: Gabbro | J414: ORE_MG_TP1_D1 | K414: F3 | L414: T:\MINA\Drill and blast\Deswik\MB_CP_MVV_final.gmdlb | M414: R5 | O414: II | P414: Production | Q414: Emulsao 1.15g/cm3 | R414: 1 Booster 450g | S414: 1 Esp Elet | T414: 1 Esp n Elet | X414: Sandvik DP1500i | Z414: Planned | AA414: Tampao 2.3m + 1m Air Deck | AB414: 5 | AC414: 748771.92 | AD414: 8930521 | AE414: 190.45 | AF414: 748771.92 | AG414: 8930521 | AH414: 179.41 | AI414: 11.04 | AJ414: 0.6 | AK414: 3.37 | AL414: 2.93 | AM414: 0 | AN414: 0 | AO414: 358 | AP414: 3.2 | AQ414: 0.31 | AR414: 0.04 | AS414: 0.03 | AT414: 9.59 | AU414: 3.93 | AV414: 0.07 | AW414: 0.61 | AX414: 0 | AY414: 3.3 | AZ414: 112.694 | BA414: 0 | BB414: 0 | BC414: 0 | BD414: 0
A415: 46304 | B415: 414 | C415: LIB065 | D415: NE | E415: 2 | F415: 180 | G415: 0 | H415: PP0591026 | I415: Gabbro | J415: WST | K415: F3 | L415: T:\MINA\Drill and blast\Deswik\MB_CP_MVV_final.gmdlb | M415: R5 | O415: II | P415: Production | Q415: Emulsao 1.15g/cm3 | R415: 1 Booster 450g | S415: 1 Esp Elet | T415: 1 Esp n Elet | X415: Sandvik DP1500i | Z415: Planned | AA415: Tampao 2.3m + 1m Air Deck | AB415: 5 | AC415: 748768.91 | AD415: 8930519.5 | AE415: 190.24 | AF415: 748768.91 | AG415: 8930519.5 | AH415: 179.4 | AI415: 10.84 | AJ415: 0.6 | AK415: 3.37 | AL415: 2.93 | AM415: 0 | AN415: 0 | AO415: 358 | AP415: 3.16 | AQ415: 0.24 | AR415: 0.03 | AS415: 0.03 | AT415: 7.78 | AU415: 2.89 | AV415: 0.11 | AW415: 0.76 | AX415: 0 | AY415: 3.3 | AZ415: 109.782 | BA415: 0 | BB415: 0 | BC415: 0 | BD415: 0
... A443: 46304 | B443: 442 | C443: LIB065 | D443: NW | E443: 2 | F443: 180 | G443: 0 | H443: PP0651026 | I443: Gneiss | J443: WST | K443: NA | L443: T:\MINA\Drill and blast\Deswik\MB_CP_MVV_final.gmdlb | M443: R1 | O443: II | P443: Production | Q443: Emulsao 1.15g/cm3 | R443: 1 Booster 450g | S443: 1 Esp Elet | T443: 1 Esp n Elet | X443: Sandvik DP1500i | Z443: Planned | AA443: Tampao 2.3m + 1m Air Deck | AB443: 5 | AC443: 748707.37 | AD443: 8930451.6 | AE443: 189.52 | AF443: 748707.37 | AG443: 8930451.6 | AH443: 179.4 | AI443: 10.12 | AJ443: 0.6 | AK443: 3.37 | AL443: 2.93 | AM443: 0 | AN443: 0 | AO443: 358 | AP443: 2.97 | AQ443: 0.13 | AR443: 0.03 | AS443: 0.02 | AT443: 5.37 | AU443: 2.15 | AV443: 0.1 | AW443: 0.53 | AX443: 1.11 | AY443: 3.3 | AZ443: 99.299 | BA443: 0 | BB443: 0 | BC443: 0 | BD443: 0
A444: 46304 | B444: 443 | C444: LIB065 | D444: NW | E444: 0 | F444: 180 | G444: 0 | H444: PP0651026 | J444: WST | K444: NA | L444: T:\MINA\Drill and blast\Deswik\MB_CP_MVV_final.gmdlb | M444: R5 | O444: II | P444: Production | Q444: Emulsao 1.15g/cm3 | R444: 1 Booster 450g | S444: 1 Esp Elet | T444: 1 Esp n Elet | X444: Sandvik DP1500i | Z444: Planned | AA444: Tampao 2.3m + 1m Air Deck | AB444: 5 | AC444: 748705.92 | AD444: 8930448.4 | AE444: 189.63 | AF444: 748705.92 | AG444: 8930448.4 | AH444: 179.4 | AI444: 10.23 | AJ444: 0.6 | AK444: 3.37 | AL444: 2.93 | AM444: 0 | AN444: 0 | AO444: 358 | AP444: 2.95 | AQ444: 0.15 | AR444: 0.02 | AS444: 0.02 | AT444: 5.61 | AU444: 2.63 | AV444: 0.17 | AW444: 0.42 | AX444: 0.49 | AY444: 3.3 | AZ444: 100.901 | BA444: 0 | BB444: 0 | BC444: 0 | BD444: 0
A445: 46304 | B445: 444 | C445: LIB065 | D445: NW | E445: 0 | F445: 180 | G445: 0 | H445: PP0651026 | J445: WST | K445: NA | L445: T:\MINA\Drill and blast\Deswik\MB_CP_MVV_final.gmdlb | M445: R5 | O445: II | P445: Production | Q445: Emulsao 1.15g/cm3 | R445: 1 Booster 450g | S445: 1 Esp Elet | T445: 1 Esp n Elet | X445: Sandvik DP1500i | Z445: Planned | AA445: Tampao 2.3m + 1m Air Deck | AB445: 5 | AC445: 748704.29 | AD445: 8930445.4 | AE445: 189.71 | AF445: 748704.29 | AG445: 8930445.4 | AH445: 179.4 | AI445: 10.31 | AJ445: 0.6 | AK445: 3.37 | AL445: 2.93 | AM445: 0 | AN445: 0 | AO445: 358 | AP445: 2.91 | AQ445: 0.1 | AR445: 0.02 | AS445: 0.01 | AT445: 5.02 | AU445: 2.3 | AV445: 0.15 | AW445: 0.27 | AX445: 0.08 | AY445: 3.3 | AZ445: 102.066 | BA445: 0 | BB445: 0 | BC445: 0 | BD445: 0
A446: 46304 | B446: 445 | C446: LIB065 | D446: NW | E446: 0 | F446: 180 | G446: 1 | H446: PP0651026 | J446: WST | K446: NA | L446: T:\MINA\Drill and blast\Deswik\MB_CP_MVV_final.gmdlb | M446: R5 | O446: II | P446: Production | Q446: Emulsao 1.15g/cm3 | R446: 1 Booster 450g | S446: 1 Esp Elet | T446: 1 Esp n Elet | X446: Sandvik DP1500i | Z446: Planned | AA446: Tampao 2.3m + 1m Air Deck | AB446: 5 | AC446: 748702.51 | AD446: 8930442.5 | AE446: 189.69 | AF446: 748702.51 | AG446: 8930442.5 | AH446: 179.4 | AI446: 10.29 | AJ446: 0.6 | AK446: 3.37 | AL446: 2.93 | AM446: 0 | AN446: 0 | AO446: 358 | AP446: 2.87 | AQ446: 0.04 | AR446: 0.01 | AS446: 0 | AT446: 2.18 | AU446: 0.97 | AV446: 0.06 | AW446: 0.11 | AX446: 0 | AY446: 3.3 | AZ446: 101.774 | BA446: 0 | BB446: 0 | BC446: 0 | BD446: 0
A447: 46304 | B447: 446 | C447: LIB065 | D447: NW | E447: 0 | F447: 180 | G447: 0 | H447: PP0651026 | J447: WST | K447: F3 | L447: T:\MINA\Drill and blast\Deswik\MB_CP_MVV_final.gmdlb | M447: R5 | O447: II | P447: Production | Q447: Emulsao 1.15g/cm3 | R447: 1 Booster 450g | S447: 1 Esp Elet | T447: 1 Esp n Elet | X447: Sandvik DP1500i | Z447: Planned | AA447: Tampao 2.3m + 1m Air Deck | AB447: 5 | AC447: 748700.73 | AD447: 8930439.6 | AE447: 189.56 | AF447: 748700.73 | AG447: 8930439.6 | AH447: 179.4 | AI447: 10.16 | AJ447: 0.6 | AK447: 3.37 | AL447: 2.93 | AM447: 0 | AN447: 0 | AO447: 358 | AP447: 2.84 | AQ447: 0 | AR447: 0 | AS447: 0 | AT447: 0.05 | AU447: 0.01 | AV447: 0 | AW447: 0 | AX447: 0 | AY447: 3.3 | AZ447: 99.882 | BA447: 0 | BB447: 0 | BC447: 0 | BD447: 0
A448: 46304 | B448: 447 | C448: LIB065 | D448: NW | E448: 0 | F448: 180 | G448: 0 | H448: PP0651026 | J448: WST | K448: F3 | L448: T:\MINA\Drill and blast\Deswik\MB_CP_MVV_final.gmdlb | M448: R5 | O448: II | P448: Production | Q448: Emulsao 1.15g/cm3 | R448: 1 Booster 450g | S448: 1 Esp Elet | T448: 1 Esp n Elet | X448: Sandvik DP1500i | Z448: Planned | AA448: Tampao 2.3m + 1m Air Deck | AB448: 5 | AC448: 748698.93 | AD448: 8930436.8 | AE448: 189.44 | AF448: 748698.93 | AG448: 8930436.8 | AH448: 179.4 | AI448: 10.04 | AJ448: 0.6 | AK448: 3.37 | AL448: 2.93 | AM448: 0 | AN448: 0 | AO448: 358 | AP448: 2.8 | AQ448: 0 | AR448: 0 | AS448: 0 | AT448: 0 | AU448: 0 | AV448: 0 | AW448: 0 | AX448: 0 | AY448: 3.3 | AZ448: 98.134 | BA448: 0 | BB448: 0 | BC448: 0 | BD448: 0
A449: 46304 | B449: 448 | C449: LIB065 | D449: NW | E449: 2 | F449: 180 | G449: 0 | H449: PP0651026 | I449: Gabbro | J449: WST | K449: F3 | L449: T:\MINA\Drill and blast\Deswik\MB_CP_MVV_final.gmdlb | M449: R5 | O449: II | P449: Production | Q449: Emulsao 1.15g/cm3 | R449: 1 Booster 450g | S449: 1 Esp Elet | T449: 1 Esp n Elet | X449: Sandvik DP1500i | Z449: Planned | AA449: Tampao 2.3m + 1m Air Deck | AB449: 5 | AC449: 748697.08 | AD449: 8930433.9 | AE449: 189.29 | AF449: 748697.08 | AG449: 8930433.9 | AH449: 179.4 | AI449: 9.89 | AJ449: 0.6 | AK449: 3.37 | AL449: 2.93 | AM449: 0 | AN449: 0 | AO449: 358 | AP449: 2.79 | AQ449: 0 | AR449: 0 | AS449: 0 | AT449: 0 | AU449: 0 | AV449: 0 | AW449: 0 | AX449: 0 | AY449: 3.3 | AZ449: 95.95 | BA449: 0 | BB449: 0 | BC449: 0 | BD449: 0
A450: 46304 | B450: 449 | C450: LIB065 | D450: NW | E450: 2 | F450: 180 | G450: 0 | H450: PP0651026 | I450: Gabbro | J450: WST | K450: F3 | L450: T:\MINA\Drill and blast\Deswik\MB_CP_MVV_final.gmdlb | M450: R5 | O450: II | P450: Production | Q450: Emulsao 1.15g/cm3 | R450: 1 Booster 450g | S450: 1 Esp Elet | T450: 1 Esp n Elet | X450: Sandvik DP1500i | Z450: Planned | AA450: Tampao 2.3m + 1m Air Deck | AB450: 5 | AC450: 748695.15 | AD450: 8930431.2 | AE450: 189.11 | AF450: 748695.15 | AG450: 8930431.2 | AH450: 179.4 | AI450: 9.71 | AJ450: 0.6 | AK450: 3.37 | AL450: 2.93 | AM450: 0 | AN450: 0 | AO450: 358 | AP450: 2.79 | AQ450: 0 | AR450: 0 | AS450: 0 | AT450: 0 | AU450: 0 | AV450: 0 | AW450: 0 | AX450: 0 | AY450: 3.3 | AZ450: 93.33 | BA450: 0 | BB450: 0 | BC450: 0 | BD450: 0
A451: 46304 | B451: 450 | C451: LIB065 | D451: NW | E451: 2 | F451: 180 | G451: 0 | H451: PP0651026 | I451: Gabbro | J451: WST | K451: F3 | L451: T:\MINA\Drill and blast\Deswik\MB_CP_MVV_final.gmdlb | M451: R5 | O451: II | P451: Production | Q451: Emulsao 1.15g/cm3 | R451: 1 Booster 450g | S451: 1 Esp Elet | T451: 1 Esp n Elet | X451: Sandvik DP1500i | Z451: Planned | AA451: Tampao 2.3m + 1m Air Deck | AB451: 5 | AC451: 748693.09 | AD451: 8930428.5 | AE451: 188.95 | AF451: 748693.09 | AG451: 8930428.5 | AH451: 179.4 | AI451: 9.55 | AJ451: 0.6 | AK451: 3.37 | AL451: 2.93 | AM451: 0 | AN451: 0 | AO451: 358 | AP451: 2.8 | AQ451: 0 | AR451: 0 | AS451: 0 | AT451: 0 | AU451: 0 | AV451: 0 | AW451: 0 | AX451: 0 | AY451: 3.3 | AZ451: 91 | BA451: 0 | BB451: 0 | BC451: 0 | BD451: 0
A452: 46304 | B452: 451 | C452: LIB065 | D452: NW | E452: 2 | F452: 180 | G452: 0 | H452: PP0651026 | I452: Gabbro | J452: WST | K452: F3 | L452: T:\MINA\Drill and blast\Deswik\MB_CP_MVV_final.gmdlb | M452: R5 | O452: II | P452: Production | Q452: Emulsao 1.15g/cm3 | R452: 1 Booster 450g | S452: 1 Esp Elet | T452: 1 Esp n Elet | X452: Sandvik DP1500i | Z452: Planned | AA452: Tampao 2.3m + 1m Air Deck | AB452: 5 | AC452: 748690.86 | AD452: 8930426 | AE452: 188.9 | AF452: 748690.86 | AG452: 8930426 | AH452: 179.4 | AI452: 9.5 | AJ452: 0.6 | AK452: 3.37 | AL452: 2.93 | AM452: 0 | AN452: 0 | AO452: 358 | AP452: 2.8 | AQ452: 0 | AR452: 0 | AS452: 0 | AT452: 0 | AU452: 0 | AV452: 0 | AW452: 0 | AX452: 0 | AY452: 3.3 | AZ452: 90.272 | BA452: 0 | BB452: 0 | BC452: 0 | BD452: 0
A453: 46304 | B453: 452 | C453: LIB065 | D453: NW | E453: 2 | F453: 180 | G453: 0 | H453: PP0651026 | I453: Gabbro | J453: WST | K453: F3 | L453: T:\MINA\Drill and blast\Deswik\MB_CP_MVV_final.gmdlb | M453: R5 | O453: II | P453: Production | Q453: Emulsao 1.15g/cm3 | R453: 1 Booster 450g | S453: 1 Esp Elet | T453: 1 Esp n Elet | X453: Sandvik DP1500i | Z453: Planned | AA453: Tampao 2.3m + 1m Air Deck | AB453: 5 | AC453: 748688.39 | AD453: 8930423.6 | AE453: 188.91 | AF453: 748688.39 | AG453: 8930423.6 | AH453: 179.4 | AI453: 9.51 | AJ453: 0.6 | AK453: 3.37 | AL453: 2.93 | AM453: 0 | AN453: 0 | AO453: 358 | AP453: 2.78 | AQ453: 0 | AR453: 0 | AS453: 0 | AT453: 0 | AU453: 0 | AV453: 0 | AW453: 0 | AX453: 0 | AY453: 3.3 | AZ453: 90.418 | BA453: 0 | BB453: 0 | BC453: 0 | BD453: 0
A454: 46304 | B454: 453 | C454: LIB065 | D454: NW | E454: 2 | F454: 180 | G454: 0 | H454: PP0651026 | I454: Gabbro | J454: WST | K454: F3 | L454: T:\MINA\Drill and blast\Deswik\MB_CP_MVV_final.gmdlb | M454: R5 | O454: II | P454: Production | Q454: Emulsao 1.15g/cm3 | R454: 1 Booster 450g | S454: 1 Esp Elet | T454: 1 Esp n Elet | X454: Sandvik DP1500i | Z454: Planned | AA454: Tampao 2.3m + 1m Air Deck | AB454: 5 | AC454: 748685.63 | AD454: 8930421.5 | AE454: 188.97 | AF454: 748685.63 | AG454: 8930421.5 | AH454: 179.4 | AI454: 9.57 | AJ454: 0.6 | AK454: 3.37 | AL454: 2.93 | AM454: 0 | AN454: 0 | AO454: 358 | AP454: 2.79 | AQ454: 0 | AR454: 0 | AS454: 0 | AT454: 0 | AU454: 0 | AV454: 0 | AW454: 0 | AX454: 0 | AY454: 3.3 | AZ454: 91.291 | BA454: 0 | BB454: 0 | BC454: 0 | BD454: 0
A455: 46304 | B455: 454 | C455: LIB065 | D455: NW | E455: 2 | F455: 180 | G455: 0 | H455: PP0651026 | I455: Gabbro | J455: WST | K455: F3 | L455: T:\MINA\Drill and blast\Deswik\MB_CP_MVV_final.gmdlb | M455: R5 | O455: II | P455: Production | Q455: Emulsao 1.15g/cm3 | R455: 1 Booster 450g | S455: 1 Esp Elet | T455: 1 Esp n Elet | X455: Sandvik DP1500i | Z455: Planned | AA455: Tampao 2.3m + 1m Air Deck | AB455: 5 | AC455: 748682.54 | AD455: 8930419.7 | AE455: 188.97 | AF455: 748682.54 | AG455: 8930419.7 | AH455: 179.4 | AI455: 9.57 | AJ455: 0.6 | AK455: 3.37 | AL455: 2.93 | AM455: 0 | AN455: 0 | AO455: 358 | AP455: 2.8 | AQ455: 0 | AR455: 0 | AS455: 0 | AT455: 0 | AU455: 0 | AV455: 0 | AW455: 0 | AX455: 0 | AY455: 3.3 | AZ455: 91.291 | BA455: 0 | BB455: 0 | BC455: 0 | BD455: 0
A456: 46304 | B456: 455 | C456: LIB065 | D456: NW | E456: 2 | F456: 180 | G456: 0 | H456: PP0651026 | I456: Gabbro | J456: WST | K456: F3 | L456: T:\MINA\Drill and blast\Deswik\MB_CP_MVV_final.gmdlb | M456: R5 | O456: II | P456: Production | Q456: Emulsao 1.15g/cm3 | R456: 1 Booster 450g | S456: 1 Esp Elet | T456: 1 Esp n Elet | X456: Sandvik DP1500i | Z456: Planned | AA456: Tampao 2.3m + 1m Air Deck | AB456: 5 | AC456: 748678.73 | AD456: 8930417.9 | AE456: 189.38 | AF456: 748678.73 | AG456: 8930417.9 | AH456: 179.4 | AI456: 9.98 | AJ456: 0.6 | AK456: 3.37 | AL456: 2.93 | AM456: 0 | AN456: 0 | AO456: 358 | AP456: 2.8 | AQ456: 0 | AR456: 0 | AS456: 0 | AT456: 0 | AU456: 0 | AV456: 0 | AW456: 0 | AX456: 0 | AY456: 3.3 | AZ456: 97.261 | BA456: 0 | BB456: 0 | BC456: 0 | BD456: 0
A457: 46304 | B457: 456 | C457: LIB065 | D457: NW | E457: 2 | F457: 180 | G457: 0 | H457: PP0651026 | I457: Gabbro | J457: WST | K457: F3 | L457: T:\MINA\Drill and blast\Deswik\MB_CP_MVV_final.gmdlb | M457: R5 | O457: II | P457: Production | Q457: Emulsao 1.15g/cm3 | R457: 1 Booster 450g | S457: 1 Esp Elet | T457: 1 Esp n Elet | X457: Sandvik DP1500i | Z457: Planned | AA457: Tampao 2.3m + 1m Air Deck | AB457: 5 | AC457: 748682.72 | AD457: 8930416.6 | AE457: 188.88 | AF457: 748682.72 | AG457: 8930416.6 | AH457: 179.87 | AI457: 9.01 | AJ457: 0.6 | AK457: 3.37 | AL457: 2.93 | AM457: 0 | AN457: 0 | AO457: 358 | AP457: 2.81 | AQ457: 0 | AR457: 0 | AS457: 0 | AT457: 0 | AU457: 0 | AV457: 0 | AW457: 0 | AX457: 0 | AY457: 3.3 | AZ457: 83.138 | BA457: 0 | BB457: 0 | BC457: 0 | BD457: 0
A458: 46304 | B458: 457 | C458: LIB065 | D458: NW | E458: 2 | F458: 180 | G458: 0 | H458: PP0651026 | I458: Gabbro | J458: WST | K458: F3 | L458: T:\MINA\Drill and blast\Deswik\MB_CP_MVV_final.gmdlb | M458: R5 | O458: II | P458: Production | Q458: Emulsao 1.15g/cm3 | R458: 1 Booster 450g | S458: 1 Esp Elet | T458: 1 Esp n Elet | X458: Sandvik DP1500i | Z458: Planned | AA458: Tampao 2.3m + 1m Air Deck | AB458: 5 | AC458: 748685.69 | AD458: 8930418.2 | AE458: 188.87 | AF458: 748685.69 | AG458: 8930418.2 | AH458: 179.88 | AI458: 8.99 | AJ458: 0.6 | AK458: 3.37 | AL458: 2.93 | AM458: 0 | AN458: 0 | AO458: 358 | AP458: 2.8 | AQ458: 0 | AR458: 0 | AS458: 0 | AT458: 0 | AU458: 0 | AV458: 0 | AW458: 0 | AX458: 0 | AY458: 3.3 | AZ458: 82.846 | BA458: 0 | BB458: 0 | BC458: 0 | BD458: 0
A459: 46304 | B459: 458 | C459: LIB065 | D459: NW | E459: 2 | F459: 180 | G459: 0 | H459: PP0651026 | I459: Gabbro | J459: WST | K459: F3 | L459: T:\MINA\Drill and blast\Deswik\MB_CP_MVV_final.gmdlb | M459: R5 | O459: II | P459: Production | Q459: Emulsao 1.15g/cm3 | R459: 1 Booster 450g | S459: 1 Esp Elet | T459: 1 Esp n Elet | X459: Sandvik DP1500i | Z459: Planned | AA459: Tampao 2.3m + 1m Air Deck | AB459: 5 | AC459: 748688.42 | AD459: 8930420.1 | AE459: 188.81 | AF459: 748688.42 | AG459: 8930420.1 | AH459: 179.86 | AI459: 8.96 | AJ459: 0.6 | AK459: 3.37 | AL459: 2.93 | AM459: 0 | AN459: 0 | AO459: 358 | AP459: 2.79 | AQ459: 0 | AR459: 0 | AS459: 0 | AT459: 0 | AU459: 0 | AV459: 0 | AW459: 0 | AX459: 0 | AY459: 3.3 | AZ459: 82.41 | BA459: 0 | BB459: 0 | BC459: 0 | BD459: 0
A460: 46304 | B460: 459 | C460: LIB065 | D460: NW | E460: 2 | F460: 180 | G460: 0 | H460: PP0651026 | I460: Gneiss | J460: WST | K460: F3 | L460: T:\MINA\Drill and blast\Deswik\MB_CP_MVV_final.gmdlb | M460: R5 | O460: II | P460: Production | Q460: Emulsao 1.15g/cm3 | R460: 1 Booster 450g | S460: 1 Esp Elet | T460: 1 Esp n Elet | X460: Sandvik DP1500i | Z460: Planned | AA460: Tampao 2.3m + 1m Air Deck | AB460: 5 | AC460: 748691.14 | AD460: 8930422.1 | AE460: 188.8 | AF460: 748691.14 | AG460: 8930422.1 | AH460: 179.89 | AI460: 8.91 | AJ460: 0.6 | AK460: 3.37 | AL460: 2.93 | AM460: 0 | AN460: 0 | AO460: 358 | AP460: 2.8 | AQ460: 0 | AR460: 0 | AS460: 0 | AT460: 0 | AU460: 0 | AV460: 0 | AW460: 0 | AX460: 0 | AY460: 3.3 | AZ460: 81.682 | BA460: 0 | BB460: 0 | BC460: 0 | BD460: 0
... A462: 46304 | B462: 461 | C462: LIB065 | D462: NW | E462: 0 | F462: 180 | G462: 0 | H462: PP0651026 | I462: Gneiss | J462: WST | K462: F3 | L462: T:\MINA\Drill and blast\Deswik\MB_CP_MVV_final.gmdlb | M462: R5 | O462: II | P462: Production | Q462: Emulsao 1.15g/cm3 | R462: 1 Booster 450g | S462: 1 Esp Elet | T462: 1 Esp n Elet | X462: Sandvik DP1500i | Z462: Planned | AA462: Tampao 2.3m + 1m Air Deck | AB462: 5 | AC462: 748695.7 | AD462: 8930427.1 | AE462: 188.94 | AF462: 748695.7 | AG462: 8930427.1 | AH462: 179.89 | AI462: 9.05 | AJ462: 0.6 | AK462: 3.37 | AL462: 2.93 | AM462: 0 | AN462: 0 | AO462: 358 | AP462: 2.8 | AQ462: 0 | AR462: 0 | AS462: 0 | AT462: 0 | AU462: 0 | AV462: 0 | AW462: 0 | AX462: 0 | AY462: 3.3 | AZ462: 83.72 | BA462: 0 | BB462: 0 | BC462: 0 | BD462: 0
A463: 46304 | B463: 462 | C463: LIB065 | D463: NW | E463: 0 | F463: 180 | G463: 0 | H463: PP0651026 | J463: WST | K463: F3 | L463: T:\MINA\Drill and blast\Deswik\MB_CP_MVV_final.gmdlb | M463: R5 | O463: II | P463: Production | Q463: Emulsao 1.15g/cm3 | R463: 1 Booster 450g | S463: 1 Esp Elet | T463: 1 Esp n Elet | X463: Sandvik DP1500i | Z463: Planned | AA463: Tampao 2.3m + 1m Air Deck | AB463: 5 | AC463: 748697.7 | AD463: 8930429.8 | AE463: 189.1 | AF463: 748697.7 | AG463: 8930429.8 | AH463: 179.88 | AI463: 9.22 | AJ463: 0.6 | AK463: 3.37 | AL463: 2.93 | AM463: 0 | AN463: 0 | AO463: 358 | AP463: 2.8 | AQ463: 0 | AR463: 0 | AS463: 0 | AT463: 0 | AU463: 0 | AV463: 0 | AW463: 0 | AX463: 0 | AY463: 3.3 | AZ463: 86.195 | BA463: 0 | BB463: 0 | BC463: 0 | BD463: 0
A464: 46304 | B464: 463 | C464: LIB065 | D464: NW | E464: 0 | F464: 180 | G464: 0 | H464: PP0651026 | J464: WST | K464: F3 | L464: T:\MINA\Drill and blast\Deswik\MB_CP_MVV_final.gmdlb | M464: R5 | O464: II | P464: Production | Q464: Emulsao 1.15g/cm3 | R464: 1 Booster 450g | S464: 1 Esp Elet | T464: 1 Esp n Elet | X464: Sandvik DP1500i | Z464: Planned | AA464: Tampao 2.3m + 1m Air Deck | AB464: 5 | AC464: 748699.64 | AD464: 8930432.5 | AE464: 189.27 | AF464: 748699.64 | AG464: 8930432.5 | AH464: 179.89 | AI464: 9.38 | AJ464: 0.6 | AK464: 3.37 | AL464: 2.93 | AM464: 0 | AN464: 0 | AO464: 358 | AP464: 2.82 | AQ464: 0 | AR464: 0 | AS464: 0 | AT464: 0 | AU464: 0 | AV464: 0 | AW464: 0 | AX464: 0 | AY464: 3.3 | AZ464: 88.525 | BA464: 0 | BB464: 0 | BC464: 0 | BD464: 0
...

Sheet LEV R&D

Sheet MEDIÇÃO
B1: ='PROJETO PERFURAÇÃO'!$C$2&" - "&'PROJETO PERFURAÇÃO'!$H$2 -> LIB065 - PP0651026 | I1: P | J1: =Produção
I2: B | J2: =Buffer
I3: S | J3: =Pré Corte
B4: Ø | C4: Type | D4: ID | E4: Obj | F4: Inc | G4: Perf | H4: Rep | I4: Ø | J4: Type | K4: ID | L4: Obj | M4: Inc | N4: Perf | O4: Rep | P4: Ø | Q4: Type | R4: ID | S4: Obj | T4: Inc | U4: Perf | V4: Rep
B5: =IFERROR(ROUND(INDEX('PROJETO PERFURAÇÃO'!$AB:$AB,MATCH(MEDIÇÃO!D5,'PROJETO PERFURAÇÃO'!$B:$B,0)),1)&"''","") -> 5'' | C5: =IFERROR(IF(INDEX('PROJETO PERFURAÇÃO'!$P:$P,MATCH(MEDIÇÃO!D5,'PROJETO PERFURAÇÃO'!$B:$B,0))="Production","P",IF(INDEX('PROJETO PERFURAÇÃO'!$P:$P,MATCH(MEDIÇÃO!D5,'PROJETO PERFURAÇÃO'!$B:$B,0))="Buffer","B",IF(INDEX('PROJETO PERFURAÇÃO'!$P:$P,MATCH(MEDIÇÃO!D5,'PROJETO PERFURAÇÃO'!$B:$B,0))="Pre-Splitting","S"))),"") -> S | D5: 1 | E5: =IFERROR(INDEX('LEV R&D'!$D:$D,MATCH(MEDIÇÃO!D5,'LEV R&D'!$A:$A,0))-INDEX('PROJETO PERFURAÇÃO'!$AH:$AH,MATCH(MEDIÇÃO!D5,'PROJETO PERFURAÇÃO'!$B:$B,0)),"") | F5: =IFERROR(INDEX('PROJETO PERFURAÇÃO'!$AN:$AN,MATCH(MEDIÇÃO!D5,'PROJETO PERFURAÇÃO'!$B:$B,0)),"") -> 15.56 | I5: =IFERROR(ROUND(INDEX('PROJETO PERFURAÇÃO'!$AB:$AB,MATCH(MEDIÇÃO!K5,'PROJETO PERFURAÇÃO'!$B:$B,0)),1)&"''","") -> 5'' | J5: =IFERROR(IF(INDEX('PROJETO PERFURAÇÃO'!$P:$P,MATCH(MEDIÇÃO!K5,'PROJETO PERFURAÇÃO'!$B:$B,0))="Production","P",IF(INDEX('PROJETO PERFURAÇÃO'!$P:$P,MATCH(MEDIÇÃO!K5,'PROJETO PERFURAÇÃO'!$B:$B,0))="Buffer","B",IF(INDEX('PROJETO PERFURAÇÃO'!$P:$P,MATCH(MEDIÇÃO!K5,'PROJETO PERFURAÇÃO'!$B:$B,0))="Pre-Splitting","S"))),"") -> S | K5: =D27+1 -> 24 | L5: =IFERROR(INDEX('LEV R&D'!$D:$D,MATCH(MEDIÇÃO!K5,'LEV R&D'!$A:$A,0))-INDEX('PROJETO PERFURAÇÃO'!$AH:$AH,MATCH(MEDIÇÃO!K5,'PROJETO PERFURAÇÃO'!$B:$B,0)),"") | M5: =IFERROR(INDEX('PROJETO PERFURAÇÃO'!$AN:$AN,MATCH(MEDIÇÃO!K5,'PROJETO PERFURAÇÃO'!$B:$B,0)),"") -> 13.47 | P5: =IFERROR(ROUND(INDEX('PROJETO PERFURAÇÃO'!$AB:$AB,MATCH(MEDIÇÃO!R5,'PROJETO PERFURAÇÃO'!$B:$B,0)),1)&"''","") -> 5'' | Q5: =IFERROR(IF(INDEX('PROJETO PERFURAÇÃO'!$P:$P,MATCH(MEDIÇÃO!R5,'PROJETO PERFURAÇÃO'!$B:$B,0))="Production","P",IF(INDEX('PROJETO PERFURAÇÃO'!$P:$P,MATCH(MEDIÇÃO!R5,'PROJETO PERFURAÇÃO'!$B:$B,0))="Buffer","B",IF(INDEX('PROJETO PERFURAÇÃO'!$P:$P,MATCH(MEDIÇÃO!R5,'PROJETO PERFURAÇÃO'!$B:$B,0))="Pre-Splitting","S"))),"") -> S | R5: =K27+1 -> 47 | S5: =IFERROR(INDEX('LEV R&D'!$D:$D,MATCH(MEDIÇÃO!R5,'LEV R&D'!$A:$A,0))-INDEX('PROJETO PERFURAÇÃO'!$AH:$AH,MATCH(MEDIÇÃO!R5,'PROJETO PERFURAÇÃO'!$B:$B,0)),"") | T5: =IFERROR(INDEX('PROJETO PERFURAÇÃO'!$AN:$AN,MATCH(MEDIÇÃO!R5,'PROJETO PERFURAÇÃO'!$B:$B,0)),"") -> 14.94
B6: =IFERROR(ROUND(INDEX('PROJETO PERFURAÇÃO'!$AB:$AB,MATCH(MEDIÇÃO!D6,'PROJETO PERFURAÇÃO'!$B:$B,0)),1)&"''","") -> 5'' | C6: =IFERROR(IF(INDEX('PROJETO PERFURAÇÃO'!$P:$P,MATCH(MEDIÇÃO!D6,'PROJETO PERFURAÇÃO'!$B:$B,0))="Production","P",IF(INDEX('PROJETO PERFURAÇÃO'!$P:$P,MATCH(MEDIÇÃO!D6,'PROJETO PERFURAÇÃO'!$B:$B,0))="Buffer","B",IF(INDEX('PROJETO PERFURAÇÃO'!$P:$P,MATCH(MEDIÇÃO!D6,'PROJETO PERFURAÇÃO'!$B:$B,0))="Pre-Splitting","S"))),"") -> S | D6: =D5+1 -> 2 | E6: =IFERROR(INDEX('LEV R&D'!$D:$D,MATCH(MEDIÇÃO!D6,'LEV R&D'!$A:$A,0))-INDEX('PROJETO PERFURAÇÃO'!$AH:$AH,MATCH(MEDIÇÃO!D6,'PROJETO PERFURAÇÃO'!$B:$B,0)),"") | F6: =IFERROR(INDEX('PROJETO PERFURAÇÃO'!$AN:$AN,MATCH(MEDIÇÃO!D6,'PROJETO PERFURAÇÃO'!$B:$B,0)),"") -> 15.65 | I6: =IFERROR(ROUND(INDEX('PROJETO PERFURAÇÃO'!$AB:$AB,MATCH(MEDIÇÃO!K6,'PROJETO PERFURAÇÃO'!$B:$B,0)),1)&"''","") -> 5'' | J6: =IFERROR(IF(INDEX('PROJETO PERFURAÇÃO'!$P:$P,MATCH(MEDIÇÃO!K6,'PROJETO PERFURAÇÃO'!$B:$B,0))="Production","P",IF(INDEX('PROJETO PERFURAÇÃO'!$P:$P,MATCH(MEDIÇÃO!K6,'PROJETO PERFURAÇÃO'!$B:$B,0))="Buffer","B",IF(INDEX('PROJETO PERFURAÇÃO'!$P:$P,MATCH(MEDIÇÃO!K6,'PROJETO PERFURAÇÃO'!$B:$B,0))="Pre-Splitting","S"))),"") -> S | K6: =K5+1 -> 25 | L6: =IFERROR(INDEX('LEV R&D'!$D:$D,MATCH(MEDIÇÃO!K6,'LEV R&D'!$A:$A,0))-INDEX('PROJETO PERFURAÇÃO'!$AH:$AH,MATCH(MEDIÇÃO!K6,'PROJETO PERFURAÇÃO'!$B:$B,0)),"") | M6: =IFERROR(INDEX('PROJETO PERFURAÇÃO'!$AN:$AN,MATCH(MEDIÇÃO!K6,'PROJETO PERFURAÇÃO'!$B:$B,0)),"") -> 13.44 | P6: =IFERROR(ROUND(INDEX('PROJETO PERFURAÇÃO'!$AB:$AB,MATCH(MEDIÇÃO!R6,'PROJETO PERFURAÇÃO'!$B:$B,0)),1)&"''","") -> 5'' | Q6: =IFERROR(IF(INDEX('PROJETO PERFURAÇÃO'!$P:$P,MATCH(MEDIÇÃO!R6,'PROJETO PERFURAÇÃO'!$B:$B,0))="Production","P",IF(INDEX('PROJETO PERFURAÇÃO'!$P:$P,MATCH(MEDIÇÃO!R6,'PROJETO PERFURAÇÃO'!$B:$B,0))="Buffer","B",IF(INDEX('PROJETO PERFURAÇÃO'!$P:$P,MATCH(MEDIÇÃO!R6,'PROJETO PERFURAÇÃO'!$B:$B,0))="Pre-Splitting","S"))),"") -> S | R6: =R5+1 -> 48 | S6: =IFERROR(INDEX('LEV R&D'!$D:$D,MATCH(MEDIÇÃO!R6,'LEV R&D'!$A:$A,0))-INDEX('PROJETO PERFURAÇÃO'!$AH:$AH,MATCH(MEDIÇÃO!R6,'PROJETO PERFURAÇÃO'!$B:$B,0)),"") | T6: =IFERROR(INDEX('PROJETO PERFURAÇÃO'!$AN:$AN,MATCH(MEDIÇÃO!R6,'PROJETO PERFURAÇÃO'!$B:$B,0)),"") -> 14.82
B7: =IFERROR(ROUND(INDEX('PROJETO PERFURAÇÃO'!$AB:$AB,MATCH(MEDIÇÃO!D7,'PROJETO PERFURAÇÃO'!$B:$B,0)),1)&"''","") -> 5'' | C7: =IFERROR(IF(INDEX('PROJETO PERFURAÇÃO'!$P:$P,MATCH(MEDIÇÃO!D7,'PROJETO PERFURAÇÃO'!$B:$B,0))="Production","P",IF(INDEX('PROJETO PERFURAÇÃO'!$P:$P,MATCH(MEDIÇÃO!D7,'PROJETO PERFURAÇÃO'!$B:$B,0))="Buffer","B",IF(INDEX('PROJETO PERFURAÇÃO'!$P:$P,MATCH(MEDIÇÃO!D7,'PROJETO PERFURAÇÃO'!$B:$B,0))="Pre-Splitting","S"))),"") -> S | D7: =D6+1 -> 3 | E7: =IFERROR(INDEX('LEV R&D'!$D:$D,MATCH(MEDIÇÃO!D7,'LEV R&D'!$A:$A,0))-INDEX('PROJETO PERFURAÇÃO'!$AH:$AH,MATCH(MEDIÇÃO!D7,'PROJETO PERFURAÇÃO'!$B:$B,0)),"") | F7: =IFERROR(INDEX('PROJETO PERFURAÇÃO'!$AN:$AN,MATCH(MEDIÇÃO!D7,'PROJETO PERFURAÇÃO'!$B:$B,0)),"") -> 15.66 | I7: =IFERROR(ROUND(INDEX('PROJETO PERFURAÇÃO'!$AB:$AB,MATCH(MEDIÇÃO!K7,'PROJETO PERFURAÇÃO'!$B:$B,0)),1)&"''","") -> 5'' | J7: =IFERROR(IF(INDEX('PROJETO PERFURAÇÃO'!$P:$P,MATCH(MEDIÇÃO!K7,'PROJETO PERFURAÇÃO'!$B:$B,0))="Production","P",IF(INDEX('PROJETO PERFURAÇÃO'!$P:$P,MATCH(MEDIÇÃO!K7,'PROJETO PERFURAÇÃO'!$B:$B,0))="Buffer","B",IF(INDEX('PROJETO PERFURAÇÃO'!$P:$P,MATCH(MEDIÇÃO!K7,'PROJETO PERFURAÇÃO'!$B:$B,0))="Pre-Splitting","S"))),"") -> S | K7: =K6+1 -> 26 | L7: =IFERROR(INDEX('LEV R&D'!$D:$D,MATCH(MEDIÇÃO!K7,'LEV R&D'!$A:$A,0))-INDEX('PROJETO PERFURAÇÃO'!$AH:$AH,MATCH(MEDIÇÃO!K7,'PROJETO PERFURAÇÃO'!$B:$B,0)),"") | M7: =IFERROR(INDEX('PROJETO PERFURAÇÃO'!$AN:$AN,MATCH(MEDIÇÃO!K7,'PROJETO PERFURAÇÃO'!$B:$B,0)),"") -> 13.47 | P7: =IFERROR(ROUND(INDEX('PROJETO PERFURAÇÃO'!$AB:$AB,MATCH(MEDIÇÃO!R7,'PROJETO PERFURAÇÃO'!$B:$B,0)),1)&"''","") -> 5'' | Q7: =IFERROR(IF(INDEX('PROJETO PERFURAÇÃO'!$P:$P,MATCH(MEDIÇÃO!R7,'PROJETO PERFURAÇÃO'!$B:$B,0))="Production","P",IF(INDEX('PROJETO PERFURAÇÃO'!$P:$P,MATCH(MEDIÇÃO!R7,'PROJETO PERFURAÇÃO'!$B:$B,0))="Buffer","B",IF(INDEX('PROJETO PERFURAÇÃO'!$P:$P,MATCH(MEDIÇÃO!R7,'PROJETO PERFURAÇÃO'!$B:$B,0))="Pre-Splitting","S"))),"") -> S | R7: =R6+1 -> 49 | S7: =IFERROR(INDEX('LEV R&D'!$D:$D,MATCH(MEDIÇÃO!R7,'LEV R&D'!$A:$A,0))-INDEX('PROJETO PERFURAÇÃO'!$AH:$AH,MATCH(MEDIÇÃO!R7,'PROJETO PERFURAÇÃO'!$B:$B,0)),"") | T7: =IFERROR(INDEX('PROJETO PERFURAÇÃO'!$AN:$AN,MATCH(MEDIÇÃO!R7,'PROJETO PERFURAÇÃO'!$B:$B,0)),"") -> 14.72
B8: =IFERROR(ROUND(INDEX('PROJETO PERFURAÇÃO'!$AB:$AB,MATCH(MEDIÇÃO!D8,'PROJETO PERFURAÇÃO'!$B:$B,0)),1)&"''","") -> 5'' | C8: =IFERROR(IF(INDEX('PROJETO PERFURAÇÃO'!$P:$P,MATCH(MEDIÇÃO!D8,'PROJETO PERFURAÇÃO'!$B:$B,0))="Production","P",IF(INDEX('PROJETO PERFURAÇÃO'!$P:$P,MATCH(MEDIÇÃO!D8,'PROJETO PERFURAÇÃO'!$B:$B,0))="Buffer","B",IF(INDEX('PROJETO PERFURAÇÃO'!$P:$P,MATCH(MEDIÇÃO!D8,'PROJETO PERFURAÇÃO'!$B:$B,0))="Pre-Splitting","S"))),"") -> S | D8: =D7+1 -> 4 | E8: =IFERROR(INDEX('LEV R&D'!$D:$D,MATCH(MEDIÇÃO!D8,'LEV R&D'!$A:$A,0))-INDEX('PROJETO PERFURAÇÃO'!$AH:$AH,MATCH(MEDIÇÃO!D8,'PROJETO PERFURAÇÃO'!$B:$B,0)),"") | F8: =IFERROR(INDEX('PROJETO PERFURAÇÃO'!$AN:$AN,MATCH(MEDIÇÃO!D8,'PROJETO PERFURAÇÃO'!$B:$B,0)),"") -> 15.6 | I8: =IFERROR(ROUND(INDEX('PROJETO PERFURAÇÃO'!$AB:$AB,MATCH(MEDIÇÃO!K8,'PROJETO PERFURAÇÃO'!$B:$B,0)),1)&"''","") -> 5'' | J8: =IFERROR(IF(INDEX('PROJETO PERFURAÇÃO'!$P:$P,MATCH(MEDIÇÃO!K8,'PROJETO PERFURAÇÃO'!$B:$B,0))="Production","P",IF(INDEX('PROJETO PERFURAÇÃO'!$P:$P,MATCH(MEDIÇÃO!K8,'PROJETO PERFURAÇÃO'!$B:$B,0))="Buffer","B",IF(INDEX('PROJETO PERFURAÇÃO'!$P:$P,MATCH(MEDIÇÃO!K8,'PROJETO PERFURAÇÃO'!$B:$B,0))="Pre-Splitting","S"))),"") -> S | K8: =K7+1 -> 27 | L8: =IFERROR(INDEX('LEV R&D'!$D:$D,MATCH(MEDIÇÃO!K8,'LEV R&D'!$A:$A,0))-INDEX('PROJETO PERFURAÇÃO'!$AH:$AH,MATCH(MEDIÇÃO!K8,'PROJETO PERFURAÇÃO'!$B:$B,0)),"") | M8: =IFERROR(INDEX('PROJETO PERFURAÇÃO'!$AN:$AN,MATCH(MEDIÇÃO!K8,'PROJETO PERFURAÇÃO'!$B:$B,0)),"") -> 13.35 | P8: =IFERROR(ROUND(INDEX('PROJETO PERFURAÇÃO'!$AB:$AB,MATCH(MEDIÇÃO!R8,'PROJETO PERFURAÇÃO'!$B:$B,0)),1)&"''","") -> 5'' | Q8: =IFERROR(IF(INDEX('PROJETO PERFURAÇÃO'!$P:$P,MATCH(MEDIÇÃO!R8,'PROJETO PERFURAÇÃO'!$B:$B,0))="Production","P",IF(INDEX('PROJETO PERFURAÇÃO'!$P:$P,MATCH(MEDIÇÃO!R8,'PROJETO PERFURAÇÃO'!$B:$B,0))="Buffer","B",IF(INDEX('PROJETO PERFURAÇÃO'!$P:$P,MATCH(MEDIÇÃO!R8,'PROJETO PERFURAÇÃO'!$B:$B,0))="Pre-Splitting","S"))),"") -> S | R8: =R7+1 -> 50 | S8: =IFERROR(INDEX('LEV R&D'!$D:$D,MATCH(MEDIÇÃO!R8,'LEV R&D'!$A:$A,0))-INDEX('PROJETO PERFURAÇÃO'!$AH:$AH,MATCH(MEDIÇÃO!R8,'PROJETO PERFURAÇÃO'!$B:$B,0)),"") | T8: =IFERROR(INDEX('PROJETO PERFURAÇÃO'!$AN:$AN,MATCH(MEDIÇÃO!R8,'PROJETO PERFURAÇÃO'!$B:$B,0)),"") -> 14.61
B9: =IFERROR(ROUND(INDEX('PROJETO PERFURAÇÃO'!$AB:$AB,MATCH(MEDIÇÃO!D9,'PROJETO PERFURAÇÃO'!$B:$B,0)),1)&"''","") -> 5'' | C9: =IFERROR(IF(INDEX('PROJETO PERFURAÇÃO'!$P:$P,MATCH(MEDIÇÃO!D9,'PROJETO PERFURAÇÃO'!$B:$B,0))="Production","P",IF(INDEX('PROJETO PERFURAÇÃO'!$P:$P,MATCH(MEDIÇÃO!D9,'PROJETO PERFURAÇÃO'!$B:$B,0))="Buffer","B",IF(INDEX('PROJETO PERFURAÇÃO'!$P:$P,MATCH(MEDIÇÃO!D9,'PROJETO PERFURAÇÃO'!$B:$B,0))="Pre-Splitting","S"))),"") -> S | D9: =D8+1 -> 5 | E9: =IFERROR(INDEX('LEV R&D'!$D:$D,MATCH(MEDIÇÃO!D9,'LEV R&D'!$A:$A,0))-INDEX('PROJETO PERFURAÇÃO'!$AH:$AH,MATCH(MEDIÇÃO!D9,'PROJETO PERFURAÇÃO'!$B:$B,0)),"") | F9: =IFERROR(INDEX('PROJETO PERFURAÇÃO'!$AN:$AN,MATCH(MEDIÇÃO!D9,'PROJETO PERFURAÇÃO'!$B:$B,0)),"") -> 15.63 | I9: =IFERROR(ROUND(INDEX('PROJETO PERFURAÇÃO'!$AB:$AB,MATCH(MEDIÇÃO!K9,'PROJETO PERFURAÇÃO'!$B:$B,0)),1)&"''","") -> 5'' | J9: =IFERROR(IF(INDEX('PROJETO PERFURAÇÃO'!$P:$P,MATCH(MEDIÇÃO!K9,'PROJETO PERFURAÇÃO'!$B:$B,0))="Production","P",IF(INDEX('PROJETO PERFURAÇÃO'!$P:$P,MATCH(MEDIÇÃO!K9,'PROJETO PERFURAÇÃO'!$B:$B,0))="Buffer","B",IF(INDEX('PROJETO PERFURAÇÃO'!$P:$P,MATCH(MEDIÇÃO!K9,'PROJETO PERFURAÇÃO'!$B:$B,0))="Pre-Splitting","S"))),"") -> S | K9: =K8+1 -> 28 | L9: =IFERROR(INDEX('LEV R&D'!$D:$D,MATCH(MEDIÇÃO!K9,'LEV R&D'!$A:$A,0))-INDEX('PROJETO PERFURAÇÃO'!$AH:$AH,MATCH(MEDIÇÃO!K9,'PROJETO PERFURAÇÃO'!$B:$B,0)),"") | M9: =IFERROR(INDEX('PROJETO PERFURAÇÃO'!$AN:$AN,MATCH(MEDIÇÃO!K9,'PROJETO PERFURAÇÃO'!$B:$B,0)),"") -> 13.35 | P9: =IFERROR(ROUND(INDEX('PROJETO PERFURAÇÃO'!$AB:$AB,MATCH(MEDIÇÃO!R9,'PROJETO PERFURAÇÃO'!$B:$B,0)),1)&"''","") -> 5'' | Q9: =IFERROR(IF(INDEX('PROJETO PERFURAÇÃO'!$P:$P,MATCH(MEDIÇÃO!R9,'PROJETO PERFURAÇÃO'!$B:$B,0))="Production","P",IF(INDEX('PROJETO PERFURAÇÃO'!$P:$P,MATCH(MEDIÇÃO!R9,'PROJETO PERFURAÇÃO'!$B:$B,0))="Buffer","B",IF(INDEX('PROJETO PERFURAÇÃO'!$P:$P,MATCH(MEDIÇÃO!R9,'PROJETO PERFURAÇÃO'!$B:$B,0))="Pre-Splitting","S"))),"") -> S | R9: =R8+1 -> 51 | S9: =IFERROR(INDEX('LEV R&D'!$D:$D,MATCH(MEDIÇÃO!R9,'LEV R&D'!$A:$A,0))-INDEX('PROJETO PERFURAÇÃO'!$AH:$AH,MATCH(MEDIÇÃO!R9,'PROJETO PERFURAÇÃO'!$B:$B,0)),"") | T9: =IFERROR(INDEX('PROJETO PERFURAÇÃO'!$AN:$AN,MATCH(MEDIÇÃO!R9,'PROJETO PERFURAÇÃO'!$B:$B,0)),"") -> 14.38
B10: =IFERROR(ROUND(INDEX('PROJETO PERFURAÇÃO'!$AB:$AB,MATCH(MEDIÇÃO!D10,'PROJETO PERFURAÇÃO'!$B:$B,0)),1)&"''","") -> 5'' | C10: =IFERROR(IF(INDEX('PROJETO PERFURAÇÃO'!$P:$P,MATCH(MEDIÇÃO!D10,'PROJETO PERFURAÇÃO'!$B:$B,0))="Production","P",IF(INDEX('PROJETO PERFURAÇÃO'!$P:$P,MATCH(MEDIÇÃO!D10,'PROJETO PERFURAÇÃO'!$B:$B,0))="Buffer","B",IF(INDEX('PROJETO PERFURAÇÃO'!$P:$P,MATCH(MEDIÇÃO!D10,'PROJETO PERFURAÇÃO'!$B:$B,0))="Pre-Splitting","S"))),"") -> S | D10: =D9+1 -> 6 | E10: =IFERROR(INDEX('LEV R&D'!$D:$D,MATCH(MEDIÇÃO!D10,'LEV R&D'!$A:$A,0))-INDEX('PROJETO PERFURAÇÃO'!$AH:$AH,MATCH(MEDIÇÃO!D10,'PROJETO PERFURAÇÃO'!$B:$B,0)),"") | F10: =IFERROR(INDEX('PROJETO PERFURAÇÃO'!$AN:$AN,MATCH(MEDIÇÃO!D10,'PROJETO PERFURAÇÃO'!$B:$B,0)),"") -> 15.64 | I10: =IFERROR(ROUND(INDEX('PROJETO PERFURAÇÃO'!$AB:$AB,MATCH(MEDIÇÃO!K10,'PROJETO PERFURAÇÃO'!$B:$B,0)),1)&"''","") -> 5'' | J10: =IFERROR(IF(INDEX('PROJETO PERFURAÇÃO'!$P:$P,MATCH(MEDIÇÃO!K10,'PROJETO PERFURAÇÃO'!$B:$B,0))="Production","P",IF(INDEX('PROJETO PERFURAÇÃO'!$P:$P,MATCH(MEDIÇÃO!K10,'PROJETO PERFURAÇÃO'!$B:$B,0))="Buffer","B",IF(INDEX('PROJETO PERFURAÇÃO'!$P:$P,MATCH(MEDIÇÃO!K10,'PROJETO PERFURAÇÃO'!$B:$B,0))="Pre-Splitting","S"))),"") -> S | K10: =K9+1 -> 29 | L10: =IFERROR(INDEX('LEV R&D'!$D:$D,MATCH(MEDIÇÃO!K10,'LEV R&D'!$A:$A,0))-INDEX('PROJETO PERFURAÇÃO'!$AH:$AH,MATCH(MEDIÇÃO!K10,'PROJETO PERFURAÇÃO'!$B:$B,0)),"") | M10: =IFERROR(INDEX('PROJETO PERFURAÇÃO'!$AN:$AN,MATCH(MEDIÇÃO!K10,'PROJETO PERFURAÇÃO'!$B:$B,0)),"") -> 13.17 | P10: =IFERROR(ROUND(INDEX('PROJETO PERFURAÇÃO'!$AB:$AB,MATCH(MEDIÇÃO!R10,'PROJETO PERFURAÇÃO'!$B:$B,0)),1)&"''","") -> 5'' | Q10: =IFERROR(IF(INDEX('PROJETO PERFURAÇÃO'!$P:$P,MATCH(MEDIÇÃO!R10,'PROJETO PERFURAÇÃO'!$B:$B,0))="Production","P",IF(INDEX('PROJETO PERFURAÇÃO'!$P:$P,MATCH(MEDIÇÃO!R10,'PROJETO PERFURAÇÃO'!$B:$B,0))="Buffer","B",IF(INDEX('PROJETO PERFURAÇÃO'!$P:$P,MATCH(MEDIÇÃO!R10,'PROJETO PERFURAÇÃO'!$B:$B,0))="Pre-Splitting","S"))),"") -> S | R10: =R9+1 -> 52 | S10: =IFERROR(INDEX('LEV R&D'!$D:$D,MATCH(MEDIÇÃO!R10,'LEV R&D'!$A:$A,0))-INDEX('PROJETO PERFURAÇÃO'!$AH:$AH,MATCH(MEDIÇÃO!R10,'PROJETO PERFURAÇÃO'!$B:$B,0)),"") | T10: =IFERROR(INDEX('PROJETO PERFURAÇÃO'!$AN:$AN,MATCH(MEDIÇÃO!R10,'PROJETO PERFURAÇÃO'!$B:$B,0)),"") -> 14.52
B11: =IFERROR(ROUND(INDEX('PROJETO PERFURAÇÃO'!$AB:$AB,MATCH(MEDIÇÃO!D11,'PROJETO PERFURAÇÃO'!$B:$B,0)),1)&"''","") -> 5'' | C11: =IFERROR(IF(INDEX('PROJETO PERFURAÇÃO'!$P:$P,MATCH(MEDIÇÃO!D11,'PROJETO PERFURAÇÃO'!$B:$B,0))="Production","P",IF(INDEX('PROJETO PERFURAÇÃO'!$P:$P,MATCH(MEDIÇÃO!D11,'PROJETO PERFURAÇÃO'!$B:$B,0))="Buffer","B",IF(INDEX('PROJETO PERFURAÇÃO'!$P:$P,MATCH(MEDIÇÃO!D11,'PROJETO PERFURAÇÃO'!$B:$B,0))="Pre-Splitting","S"))),"") -> S | D11: =D10+1 -> 7 | E11: =IFERROR(INDEX('LEV R&D'!$D:$D,MATCH(MEDIÇÃO!D11,'LEV R&D'!$A:$A,0))-INDEX('PROJETO PERFURAÇÃO'!$AH:$AH,MATCH(MEDIÇÃO!D11,'PROJETO PERFURAÇÃO'!$B:$B,0)),"") | F11: =IFERROR(INDEX('PROJETO PERFURAÇÃO'!$AN:$AN,MATCH(MEDIÇÃO!D11,'PROJETO PERFURAÇÃO'!$B:$B,0)),"") -> 15.73 | I11: =IFERROR(ROUND(INDEX('PROJETO PERFURAÇÃO'!$AB:$AB,MATCH(MEDIÇÃO!K11,'PROJETO PERFURAÇÃO'!$B:$B,0)),1)&"''","") -> 5'' | J11: =IFERROR(IF(INDEX('PROJETO PERFURAÇÃO'!$P:$P,MATCH(MEDIÇÃO!K11,'PROJETO PERFURAÇÃO'!$B:$B,0))="Production","P",IF(INDEX('PROJETO PERFURAÇÃO'!$P:$P,MATCH(MEDIÇÃO!K11,'PROJETO PERFURAÇÃO'!$B:$B,0))="Buffer","B",IF(INDEX('PROJETO PERFURAÇÃO'!$P:$P,MATCH(MEDIÇÃO!K11,'PROJETO PERFURAÇÃO'!$B:$B,0))="Pre-Splitting","S"))),"") -> S | K11: =K10+1 -> 30 | L11: =IFERROR(INDEX('LEV R&D'!$D:$D,MATCH(MEDIÇÃO!K11,'LEV R&D'!$A:$A,0))-INDEX('PROJETO PERFURAÇÃO'!$AH:$AH,MATCH(MEDIÇÃO!K11,'PROJETO PERFURAÇÃO'!$B:$B,0)),"") | M11: =IFERROR(INDEX('PROJETO PERFURAÇÃO'!$AN:$AN,MATCH(MEDIÇÃO!K11,'PROJETO PERFURAÇÃO'!$B:$B,0)),"") -> 13.11 | P11: =IFERROR(ROUND(INDEX('PROJETO PERFURAÇÃO'!$AB:$AB,MATCH(MEDIÇÃO!R11,'PROJETO PERFURAÇÃO'!$B:$B,0)),1)&"''","") -> 5'' | Q11: =IFERROR(IF(INDEX('PROJETO PERFURAÇÃO'!$P:$P,MATCH(MEDIÇÃO!R11,'PROJETO PERFURAÇÃO'!$B:$B,0))="Production","P",IF(INDEX('PROJETO PERFURAÇÃO'!$P:$P,MATCH(MEDIÇÃO!R11,'PROJETO PERFURAÇÃO'!$B:$B,0))="Buffer","B",IF(INDEX('PROJETO PERFURAÇÃO'!$P:$P,MATCH(MEDIÇÃO!R11,'PROJETO PERFURAÇÃO'!$B:$B,0))="Pre-Splitting","S"))),"") -> S | R11: =R10+1 -> 53 | S11: =IFERROR(INDEX('LEV R&D'!$D:$D,MATCH(MEDIÇÃO!R11,'LEV R&D'!$A:$A,0))-INDEX('PROJETO PERFURAÇÃO'!$AH:$AH,MATCH(MEDIÇÃO!R11,'PROJETO PERFURAÇÃO'!$B:$B,0)),"") | T11: =IFERROR(INDEX('PROJETO PERFURAÇÃO'!$AN:$AN,MATCH(MEDIÇÃO!R11,'PROJETO PERFURAÇÃO'!$B:$B,0)),"") -> 14.77
B12: =IFERROR(ROUND(INDEX('PROJETO PERFURAÇÃO'!$AB:$AB,MATCH(MEDIÇÃO!D12,'PROJETO PERFURAÇÃO'!$B:$B,0)),1)&"''","") -> 5'' | C12: =IFERROR(IF(INDEX('PROJETO PERFURAÇÃO'!$P:$P,MATCH(MEDIÇÃO!D12,'PROJETO PERFURAÇÃO'!$B:$B,0))="Production","P",IF(INDEX('PROJETO PERFURAÇÃO'!$P:$P,MATCH(MEDIÇÃO!D12,'PROJETO PERFURAÇÃO'!$B:$B,0))="Buffer","B",IF(INDEX('PROJETO PERFURAÇÃO'!$P:$P,MATCH(MEDIÇÃO!D12,'PROJETO PERFURAÇÃO'!$B:$B,0))="Pre-Splitting","S"))),"") -> S | D12: =D11+1 -> 8 | E12: =IFERROR(INDEX('LEV R&D'!$D:$D,MATCH(MEDIÇÃO!D12,'LEV R&D'!$A:$A,0))-INDEX('PROJETO PERFURAÇÃO'!$AH:$AH,MATCH(MEDIÇÃO!D12,'PROJETO PERFURAÇÃO'!$B:$B,0)),"") | F12: =IFERROR(INDEX('PROJETO PERFURAÇÃO'!$AN:$AN,MATCH(MEDIÇÃO!D12,'PROJETO PERFURAÇÃO'!$B:$B,0)),"") -> 15.65 | I12: =IFERROR(ROUND(INDEX('PROJETO PERFURAÇÃO'!$AB:$AB,MATCH(MEDIÇÃO!K12,'PROJETO PERFURAÇÃO'!$B:$B,0)),1)&"''","") -> 5'' | J12: =IFERROR(IF(INDEX('PROJETO PERFURAÇÃO'!$P:$P,MATCH(MEDIÇÃO!K12,'PROJETO PERFURAÇÃO'!$B:$B,0))="Production","P",IF(INDEX('PROJETO PERFURAÇÃO'!$P:$P,MATCH(MEDIÇÃO!K12,'PROJETO PERFURAÇÃO'!$B:$B,0))="Buffer","B",IF(INDEX('PROJETO PERFURAÇÃO'!$P:$P,MATCH(MEDIÇÃO!K12,'PROJETO PERFURAÇÃO'!$B:$B,0))="Pre-Splitting","S"))),"") -> S | K12: =K11+1 -> 31 | L12: =IFERROR(INDEX('LEV R&D'!$D:$D,MATCH(MEDIÇÃO!K12,'LEV R&D'!$A:$A,0))-INDEX('PROJETO PERFURAÇÃO'!$AH:$AH,MATCH(MEDIÇÃO!K12,'PROJETO PERFURAÇÃO'!$B:$B,0)),"") | M12: =IFERROR(INDEX('PROJETO PERFURAÇÃO'!$AN:$AN,MATCH(MEDIÇÃO!K12,'PROJETO PERFURAÇÃO'!$B:$B,0)),"") -> 13.4 | P12: =IFERROR(ROUND(INDEX('PROJETO PERFURAÇÃO'!$AB:$AB,MATCH(MEDIÇÃO!R12,'PROJETO PERFURAÇÃO'!$B:$B,0)),1)&"''","") -> 5'' | Q12: =IFERROR(IF(INDEX('PROJETO PERFURAÇÃO'!$P:$P,MATCH(MEDIÇÃO!R12,'PROJETO PERFURAÇÃO'!$B:$B,0))="Production","P",IF(INDEX('PROJETO PERFURAÇÃO'!$P:$P,MATCH(MEDIÇÃO!R12,'PROJETO PERFURAÇÃO'!$B:$B,0))="Buffer","B",IF(INDEX('PROJETO PERFURAÇÃO'!$P:$P,MATCH(MEDIÇÃO!R12,'PROJETO PERFURAÇÃO'!$B:$B,0))="Pre-Splitting","S"))),"") -> S | R12: =R11+1 -> 54 | S12: =IFERROR(INDEX('LEV R&D'!$D:$D,MATCH(MEDIÇÃO!R12,'LEV R&D'!$A:$A,0))-INDEX('PROJETO PERFURAÇÃO'!$AH:$AH,MATCH(MEDIÇÃO!R12,'PROJETO PERFURAÇÃO'!$B:$B,0)),"") | T12: =IFERROR(INDEX('PROJETO PERFURAÇÃO'!$AN:$AN,MATCH(MEDIÇÃO!R12,'PROJETO PERFURAÇÃO'!$B:$B,0)),"") -> 14.75
B13: =IFERROR(ROUND(INDEX('PROJETO PERFURAÇÃO'!$AB:$AB,MATCH(MEDIÇÃO!D13,'PROJETO PERFURAÇÃO'!$B:$B,0)),1)&"''","") -> 5'' | C13: =IFERROR(IF(INDEX('PROJETO PERFURAÇÃO'!$P:$P,MATCH(MEDIÇÃO!D13,'PROJETO PERFURAÇÃO'!$B:$B,0))="Production","P",IF(INDEX('PROJETO PERFURAÇÃO'!$P:$P,MATCH(MEDIÇÃO!D13,'PROJETO PERFURAÇÃO'!$B:$B,0))="Buffer","B",IF(INDEX('PROJETO PERFURAÇÃO'!$P:$P,MATCH(MEDIÇÃO!D13,'PROJETO PERFURAÇÃO'!$B:$B,0))="Pre-Splitting","S"))),"") -> S | D13: =D12+1 -> 9 | E13: =IFERROR(INDEX('LEV R&D'!$D:$D,MATCH(MEDIÇÃO!D13,'LEV R&D'!$A:$A,0))-INDEX('PROJETO PERFURAÇÃO'!$AH:$AH,MATCH(MEDIÇÃO!D13,'PROJETO PERFURAÇÃO'!$B:$B,0)),"") | F13: =IFERROR(INDEX('PROJETO PERFURAÇÃO'!$AN:$AN,MATCH(MEDIÇÃO!D13,'PROJETO PERFURAÇÃO'!$B:$B,0)),"") -> 15.4 | I13: =IFERROR(ROUND(INDEX('PROJETO PERFURAÇÃO'!$AB:$AB,MATCH(MEDIÇÃO!K13,'PROJETO PERFURAÇÃO'!$B:$B,0)),1)&"''","") -> 5'' | J13: =IFERROR(IF(INDEX('PROJETO PERFURAÇÃO'!$P:$P,MATCH(MEDIÇÃO!K13,'PROJETO PERFURAÇÃO'!$B:$B,0))="Production","P",IF(INDEX('PROJETO PERFURAÇÃO'!$P:$P,MATCH(MEDIÇÃO!K13,'PROJETO PERFURAÇÃO'!$B:$B,0))="Buffer","B",IF(INDEX('PROJETO PERFURAÇÃO'!$P:$P,MATCH(MEDIÇÃO!K13,'PROJETO PERFURAÇÃO'!$B:$B,0))="Pre-Splitting","S"))),"") -> S | K13: =K12+1 -> 32 | L13: =IFERROR(INDEX('LEV R&D'!$D:$D,MATCH(MEDIÇÃO!K13,'LEV R&D'!$A:$A,0))-INDEX('PROJETO PERFURAÇÃO'!$AH:$AH,MATCH(MEDIÇÃO!K13,'PROJETO PERFURAÇÃO'!$B:$B,0)),"") | M13: =IFERROR(INDEX('PROJETO PERFURAÇÃO'!$AN:$AN,MATCH(MEDIÇÃO!K13,'PROJETO PERFURAÇÃO'!$B:$B,0)),"") -> 13.72 | P13: =IFERROR(ROUND(INDEX('PROJETO PERFURAÇÃO'!$AB:$AB,MATCH(MEDIÇÃO!R13,'PROJETO PERFURAÇÃO'!$B:$B,0)),1)&"''","") -> 5'' | Q13: =IFERROR(IF(INDEX('PROJETO PERFURAÇÃO'!$P:$P,MATCH(MEDIÇÃO!R13,'PROJETO PERFURAÇÃO'!$B:$B,0))="Production","P",IF(INDEX('PROJETO PERFURAÇÃO'!$P:$P,MATCH(MEDIÇÃO!R13,'PROJETO PERFURAÇÃO'!$B:$B,0))="Buffer","B",IF(INDEX('PROJETO PERFURAÇÃO'!$P:$P,MATCH(MEDIÇÃO!R13,'PROJETO PERFURAÇÃO'!$B:$B,0))="Pre-Splitting","S"))),"") -> S | R13: =R12+1 -> 55 | S13: =IFERROR(INDEX('LEV R&D'!$D:$D,MATCH(MEDIÇÃO!R13,'LEV R&D'!$A:$A,0))-INDEX('PROJETO PERFURAÇÃO'!$AH:$AH,MATCH(MEDIÇÃO!R13,'PROJETO PERFURAÇÃO'!$B:$B,0)),"") | T13: =IFERROR(INDEX('PROJETO PERFURAÇÃO'!$AN:$AN,MATCH(MEDIÇÃO!R13,'PROJETO PERFURAÇÃO'!$B:$B,0)),"") -> 14.69
B14: =IFERROR(ROUND(INDEX('PROJETO PERFURAÇÃO'!$AB:$AB,MATCH(MEDIÇÃO!D14,'PROJETO PERFURAÇÃO'!$B:$B,0)),1)&"''","") -> 5'' | C14: =IFERROR(IF(INDEX('PROJETO PERFURAÇÃO'!$P:$P,MATCH(MEDIÇÃO!D14,'PROJETO PERFURAÇÃO'!$B:$B,0))="Production","P",IF(INDEX('PROJETO PERFURAÇÃO'!$P:$P,MATCH(MEDIÇÃO!D14,'PROJETO PERFURAÇÃO'!$B:$B,0))="Buffer","B",IF(INDEX('PROJETO PERFURAÇÃO'!$P:$P,MATCH(MEDIÇÃO!D14,'PROJETO PERFURAÇÃO'!$B:$B,0))="Pre-Splitting","S"))),"") -> S | D14: =D13+1 -> 10 | E14: =IFERROR(INDEX('LEV R&D'!$D:$D,MATCH(MEDIÇÃO!D14,'LEV R&D'!$A:$A,0))-INDEX('PROJETO PERFURAÇÃO'!$AH:$AH,MATCH(MEDIÇÃO!D14,'PROJETO PERFURAÇÃO'!$B:$B,0)),"") | F14: =IFERROR(INDEX('PROJETO PERFURAÇÃO'!$AN:$AN,MATCH(MEDIÇÃO!D14,'PROJETO PERFURAÇÃO'!$B:$B,0)),"") -> 15.06 | I14: =IFERROR(ROUND(INDEX('PROJETO PERFURAÇÃO'!$AB:$AB,MATCH(MEDIÇÃO!K14,'PROJETO PERFURAÇÃO'!$B:$B,0)),1)&"''","") -> 5'' | J14: =IFERROR(IF(INDEX('PROJETO PERFURAÇÃO'!$P:$P,MATCH(MEDIÇÃO!K14,'PROJETO PERFURAÇÃO'!$B:$B,0))="Production","P",IF(INDEX('PROJETO PERFURAÇÃO'!$P:$P,MATCH(MEDIÇÃO!K14,'PROJETO PERFURAÇÃO'!$B:$B,0))="Buffer","B",IF(INDEX('PROJETO PERFURAÇÃO'!$P:$P,MATCH(MEDIÇÃO!K14,'PROJETO PERFURAÇÃO'!$B:$B,0))="Pre-Splitting","S"))),"") -> S | K14: =K13+1 -> 33 | L14: =IFERROR(INDEX('LEV R&D'!$D:$D,MATCH(MEDIÇÃO!K14,'LEV R&D'!$A:$A,0))-INDEX('PROJETO PERFURAÇÃO'!$AH:$AH,MATCH(MEDIÇÃO!K14,'PROJETO PERFURAÇÃO'!$B:$B,0)),"") | M14: =IFERROR(INDEX('PROJETO PERFURAÇÃO'!$AN:$AN,MATCH(MEDIÇÃO!K14,'PROJETO PERFURAÇÃO'!$B:$B,0)),"") -> 13.95 | P14: =IFERROR(ROUND(INDEX('PROJETO PERFURAÇÃO'!$AB:$AB,MATCH(MEDIÇÃO!R14,'PROJETO PERFURAÇÃO'!$B:$B,0)),1)&"''","") -> 5'' | Q14: =IFERROR(IF(INDEX('PROJETO PERFURAÇÃO'!$P:$P,MATCH(MEDIÇÃO!R14,'PROJETO PERFURAÇÃO'!$B:$B,0))="Production","P",IF(INDEX('PROJETO PERFURAÇÃO'!$P:$P,MATCH(MEDIÇÃO!R14,'PROJETO PERFURAÇÃO'!$B:$B,0))="Buffer","B",IF(INDEX('PROJETO PERFURAÇÃO'!$P:$P,MATCH(MEDIÇÃO!R14,'PROJETO PERFURAÇÃO'!$B:$B,0))="Pre-Splitting","S"))),"") -> S | R14: =R13+1 -> 56 | S14: =IFERROR(INDEX('LEV R&D'!$D:$D,MATCH(MEDIÇÃO!R14,'LEV R&D'!$A:$A,0))-INDEX('PROJETO PERFURAÇÃO'!$AH:$AH,MATCH(MEDIÇÃO!R14,'PROJETO PERFURAÇÃO'!$B:$B,0)),"") | T14: =IFERROR(INDEX('PROJETO PERFURAÇÃO'!$AN:$AN,MATCH(MEDIÇÃO!R14,'PROJETO PERFURAÇÃO'!$B:$B,0)),"") -> 14.56
B15: =IFERROR(ROUND(INDEX('PROJETO PERFURAÇÃO'!$AB:$AB,MATCH(MEDIÇÃO!D15,'PROJETO PERFURAÇÃO'!$B:$B,0)),1)&"''","") -> 5'' | C15: =IFERROR(IF(INDEX('PROJETO PERFURAÇÃO'!$P:$P,MATCH(MEDIÇÃO!D15,'PROJETO PERFURAÇÃO'!$B:$B,0))="Production","P",IF(INDEX('PROJETO PERFURAÇÃO'!$P:$P,MATCH(MEDIÇÃO!D15,'PROJETO PERFURAÇÃO'!$B:$B,0))="Buffer","B",IF(INDEX('PROJETO PERFURAÇÃO'!$P:$P,MATCH(MEDIÇÃO!D15,'PROJETO PERFURAÇÃO'!$B:$B,0))="Pre-Splitting","S"))),"") -> S | D15: =D14+1 -> 11 | E15: =IFERROR(INDEX('LEV R&D'!$D:$D,MATCH(MEDIÇÃO!D15,'LEV R&D'!$A:$A,0))-INDEX('PROJETO PERFURAÇÃO'!$AH:$AH,MATCH(MEDIÇÃO!D15,'PROJETO PERFURAÇÃO'!$B:$B,0)),"") | F15: =IFERROR(INDEX('PROJETO PERFURAÇÃO'!$AN:$AN,MATCH(MEDIÇÃO!D15,'PROJETO PERFURAÇÃO'!$B:$B,0)),"") -> 14.77 | I15: =IFERROR(ROUND(INDEX('PROJETO PERFURAÇÃO'!$AB:$AB,MATCH(MEDIÇÃO!K15,'PROJETO PERFURAÇÃO'!$B:$B,0)),1)&"''","") -> 5'' | J15: =IFERROR(IF(INDEX('PROJETO PERFURAÇÃO'!$P:$P,MATCH(MEDIÇÃO!K15,'PROJETO PERFURAÇÃO'!$B:$B,0))="Production","P",IF(INDEX('PROJETO PERFURAÇÃO'!$P:$P,MATCH(MEDIÇÃO!K15,'PROJETO PERFURAÇÃO'!$B:$B,0))="Buffer","B",IF(INDEX('PROJETO PERFURAÇÃO'!$P:$P,MATCH(MEDIÇÃO!K15,'PROJETO PERFURAÇÃO'!$B:$B,0))="Pre-Splitting","S"))),"") -> S | K15: =K14+1 -> 34 | L15: =IFERROR(INDEX('LEV R&D'!$D:$D,MATCH(MEDIÇÃO!K15,'LEV R&D'!$A:$A,0))-INDEX('PROJETO PERFURAÇÃO'!$AH:$AH,MATCH(MEDIÇÃO!K15,'PROJETO PERFURAÇÃO'!$B:$B,0)),"") | M15: =IFERROR(INDEX('PROJETO PERFURAÇÃO'!$AN:$AN,MATCH(MEDIÇÃO!K15,'PROJETO PERFURAÇÃO'!$B:$B,0)),"") -> 13.96 | P15: =IFERROR(ROUND(INDEX('PROJETO PERFURAÇÃO'!$AB:$AB,MATCH(MEDIÇÃO!R15,'PROJETO PERFURAÇÃO'!$B:$B,0)),1)&"''","") -> 5'' | Q15: =IFERROR(IF(INDEX('PROJETO PERFURAÇÃO'!$P:$P,MATCH(MEDIÇÃO!R15,'PROJETO PERFURAÇÃO'!$B:$B,0))="Production","P",IF(INDEX('PROJETO PERFURAÇÃO'!$P:$P,MATCH(MEDIÇÃO!R15,'PROJETO PERFURAÇÃO'!$B:$B,0))="Buffer","B",IF(INDEX('PROJETO PERFURAÇÃO'!$P:$P,MATCH(MEDIÇÃO!R15,'PROJETO PERFURAÇÃO'!$B:$B,0))="Pre-Splitting","S"))),"") -> S | R15: =R14+1 -> 57 | S15: =IFERROR(INDEX('LEV R&D'!$D:$D,MATCH(MEDIÇÃO!R15,'LEV R&D'!$A:$A,0))-INDEX('PROJETO PERFURAÇÃO'!$AH:$AH,MATCH(MEDIÇÃO!R15,'PROJETO PERFURAÇÃO'!$B:$B,0)),"") | T15: =IFERROR(INDEX('PROJETO PERFURAÇÃO'!$AN:$AN,MATCH(MEDIÇÃO!R15,'PROJETO PERFURAÇÃO'!$B:$B,0)),"") -> 14.61
B16: =IFERROR(ROUND(INDEX('PROJETO PERFURAÇÃO'!$AB:$AB,MATCH(MEDIÇÃO!D16,'PROJETO PERFURAÇÃO'!$B:$B,0)),1)&"''","") -> 5'' | C16: =IFERROR(IF(INDEX('PROJETO PERFURAÇÃO'!$P:$P,MATCH(MEDIÇÃO!D16,'PROJETO PERFURAÇÃO'!$B:$B,0))="Production","P",IF(INDEX('PROJETO PERFURAÇÃO'!$P:$P,MATCH(MEDIÇÃO!D16,'PROJETO PERFURAÇÃO'!$B:$B,0))="Buffer","B",IF(INDEX('PROJETO PERFURAÇÃO'!$P:$P,MATCH(MEDIÇÃO!D16,'PROJETO PERFURAÇÃO'!$B:$B,0))="Pre-Splitting","S"))),"") -> S | D16: =D15+1 -> 12 | E16: =IFERROR(INDEX('LEV R&D'!$D:$D,MATCH(MEDIÇÃO!D16,'LEV R&D'!$A:$A,0))-INDEX('PROJETO PERFURAÇÃO'!$AH:$AH,MATCH(MEDIÇÃO!D16,'PROJETO PERFURAÇÃO'!$B:$B,0)),"") | F16: =IFERROR(INDEX('PROJETO PERFURAÇÃO'!$AN:$AN,MATCH(MEDIÇÃO!D16,'PROJETO PERFURAÇÃO'!$B:$B,0)),"") -> 14.78 | I16: =IFERROR(ROUND(INDEX('PROJETO PERFURAÇÃO'!$AB:$AB,MATCH(MEDIÇÃO!K16,'PROJETO PERFURAÇÃO'!$B:$B,0)),1)&"''","") -> 5'' | J16: =IFERROR(IF(INDEX('PROJETO PERFURAÇÃO'!$P:$P,MATCH(MEDIÇÃO!K16,'PROJETO PERFURAÇÃO'!$B:$B,0))="Production","P",IF(INDEX('PROJETO PERFURAÇÃO'!$P:$P,MATCH(MEDIÇÃO!K16,'PROJETO PERFURAÇÃO'!$B:$B,0))="Buffer","B",IF(INDEX('PROJETO PERFURAÇÃO'!$P:$P,MATCH(MEDIÇÃO!K16,'PROJETO PERFURAÇÃO'!$B:$B,0))="Pre-Splitting","S"))),"") -> S | K16: =K15+1 -> 35 | L16: =IFERROR(INDEX('LEV R&D'!$D:$D,MATCH(MEDIÇÃO!K16,'LEV R&D'!$A:$A,0))-INDEX('PROJETO PERFURAÇÃO'!$AH:$AH,MATCH(MEDIÇÃO!K16,'PROJETO PERFURAÇÃO'!$B:$B,0)),"") | M16: =IFERROR(INDEX('PROJETO PERFURAÇÃO'!$AN:$AN,MATCH(MEDIÇÃO!K16,'PROJETO PERFURAÇÃO'!$B:$B,0)),"") -> 14.42 | P16: =IFERROR(ROUND(INDEX('PROJETO PERFURAÇÃO'!$AB:$AB,MATCH(MEDIÇÃO!R16,'PROJETO PERFURAÇÃO'!$B:$B,0)),1)&"''","") -> 5'' | Q16: =IFERROR(IF(INDEX('PROJETO PERFURAÇÃO'!$P:$P,MATCH(MEDIÇÃO!R16,'PROJETO PERFURAÇÃO'!$B:$B,0))="Production","P",IF(INDEX('PROJETO PERFURAÇÃO'!$P:$P,MATCH(MEDIÇÃO!R16,'PROJETO PERFURAÇÃO'!$B:$B,0))="Buffer","B",IF(INDEX('PROJETO PERFURAÇÃO'!$P:$P,MATCH(MEDIÇÃO!R16,'PROJETO PERFURAÇÃO'!$B:$B,0))="Pre-Splitting","S"))),"") -> S | R16: =R15+1 -> 58 | S16: =IFERROR(INDEX('LEV R&D'!$D:$D,MATCH(MEDIÇÃO!R16,'LEV R&D'!$A:$A,0))-INDEX('PROJETO PERFURAÇÃO'!$AH:$AH,MATCH(MEDIÇÃO!R16,'PROJETO PERFURAÇÃO'!$B:$B,0)),"") | T16: =IFERROR(INDEX('PROJETO PERFURAÇÃO'!$AN:$AN,MATCH(MEDIÇÃO!R16,'PROJETO PERFURAÇÃO'!$B:$B,0)),"") -> 14.7
B17: =IFERROR(ROUND(INDEX('PROJETO PERFURAÇÃO'!$AB:$AB,MATCH(MEDIÇÃO!D17,'PROJETO PERFURAÇÃO'!$B:$B,0)),1)&"''","") -> 5'' | C17: =IFERROR(IF(INDEX('PROJETO PERFURAÇÃO'!$P:$P,MATCH(MEDIÇÃO!D17,'PROJETO PERFURAÇÃO'!$B:$B,0))="Production","P",IF(INDEX('PROJETO PERFURAÇÃO'!$P:$P,MATCH(MEDIÇÃO!D17,'PROJETO PERFURAÇÃO'!$B:$B,0))="Buffer","B",IF(INDEX('PROJETO PERFURAÇÃO'!$P:$P,MATCH(MEDIÇÃO!D17,'PROJETO PERFURAÇÃO'!$B:$B,0))="Pre-Splitting","S"))),"") -> S | D17: =D16+1 -> 13 | E17: =IFERROR(INDEX('LEV R&D'!$D:$D,MATCH(MEDIÇÃO!D17,'LEV R&D'!$A:$A,0))-INDEX('PROJETO PERFURAÇÃO'!$AH:$AH,MATCH(MEDIÇÃO!D17,'PROJETO PERFURAÇÃO'!$B:$B,0)),"") | F17: =IFERROR(INDEX('PROJETO PERFURAÇÃO'!$AN:$AN,MATCH(MEDIÇÃO!D17,'PROJETO PERFURAÇÃO'!$B:$B,0)),"") -> 14.88 | I17: =IFERROR(ROUND(INDEX('PROJETO PERFURAÇÃO'!$AB:$AB,MATCH(MEDIÇÃO!K17,'PROJETO PERFURAÇÃO'!$B:$B,0)),1)&"''","") -> 5'' | J17: =IFERROR(IF(INDEX('PROJETO PERFURAÇÃO'!$P:$P,MATCH(MEDIÇÃO!K17,'PROJETO PERFURAÇÃO'!$B:$B,0))="Production","P",IF(INDEX('PROJETO PERFURAÇÃO'!$P:$P,MATCH(MEDIÇÃO!K17,'PROJETO PERFURAÇÃO'!$B:$B,0))="Buffer","B",IF(INDEX('PROJETO PERFURAÇÃO'!$P:$P,MATCH(MEDIÇÃO!K17,'PROJETO PERFURAÇÃO'!$B:$B,0))="Pre-Splitting","S"))),"") -> S | K17: =K16+1 -> 36 | L17: =IFERROR(INDEX('LEV R&D'!$D:$D,MATCH(MEDIÇÃO!K17,'LEV R&D'!$A:$A,0))-INDEX('PROJETO PERFURAÇÃO'!$AH:$AH,MATCH(MEDIÇÃO!K17,'PROJETO PERFURAÇÃO'!$B:$B,0)),"") | M17: =IFERROR(INDEX('PROJETO PERFURAÇÃO'!$AN:$AN,MATCH(MEDIÇÃO!K17,'PROJETO PERFURAÇÃO'!$B:$B,0)),"") -> 14.54 | P17: =IFERROR(ROUND(INDEX('PROJETO PERFURAÇÃO'!$AB:$AB,MATCH(MEDIÇÃO!R17,'PROJETO PERFURAÇÃO'!$B:$B,0)),1)&"''","") -> 5'' | Q17: =IFERROR(IF(INDEX('PROJETO PERFURAÇÃO'!$P:$P,MATCH(MEDIÇÃO!R17,'PROJETO PERFURAÇÃO'!$B:$B,0))="Production","P",IF(INDEX('PROJETO PERFURAÇÃO'!$P:$P,MATCH(MEDIÇÃO!R17,'PROJETO PERFURAÇÃO'!$B:$B,0))="Buffer","B",IF(INDEX('PROJETO PERFURAÇÃO'!$P:$P,MATCH(MEDIÇÃO!R17,'PROJETO PERFURAÇÃO'!$B:$B,0))="Pre-Splitting","S"))),"") -> S | R17: =R16+1 -> 59 | S17: =IFERROR(INDEX('LEV R&D'!$D:$D,MATCH(MEDIÇÃO!R17,'LEV R&D'!$A:$A,0))-INDEX('PROJETO PERFURAÇÃO'!$AH:$AH,MATCH(MEDIÇÃO!R17,'PROJETO PERFURAÇÃO'!$B:$B,0)),"") | T17: =IFERROR(INDEX('PROJETO PERFURAÇÃO'!$AN:$AN,MATCH(MEDIÇÃO!R17,'PROJETO PERFURAÇÃO'!$B:$B,0)),"") -> 14.77
... B27: =IFERROR(ROUND(INDEX('PROJETO PERFURAÇÃO'!$AB:$AB,MATCH(MEDIÇÃO!D27,'PROJETO PERFURAÇÃO'!$B:$B,0)),1)&"''","") -> 5'' | C27: =IFERROR(IF(INDEX('PROJETO PERFURAÇÃO'!$P:$P,MATCH(MEDIÇÃO!D27,'PROJETO PERFURAÇÃO'!$B:$B,0))="Production","P",IF(INDEX('PROJETO PERFURAÇÃO'!$P:$P,MATCH(MEDIÇÃO!D27,'PROJETO PERFURAÇÃO'!$B:$B,0))="Buffer","B",IF(INDEX('PROJETO PERFURAÇÃO'!$P:$P,MATCH(MEDIÇÃO!D27,'PROJETO PERFURAÇÃO'!$B:$B,0))="Pre-Splitting","S"))),"") -> S | D27: =D26+1 -> 23 | E27: =IFERROR(INDEX('LEV R&D'!$D:$D,MATCH(MEDIÇÃO!D27,'LEV R&D'!$A:$A,0))-INDEX('PROJETO PERFURAÇÃO'!$AH:$AH,MATCH(MEDIÇÃO!D27,'PROJETO PERFURAÇÃO'!$B:$B,0)),"") | F27: =IFERROR(INDEX('PROJETO PERFURAÇÃO'!$AN:$AN,MATCH(MEDIÇÃO!D27,'PROJETO PERFURAÇÃO'!$B:$B,0)),"") -> 13.75 | I27: =IFERROR(ROUND(INDEX('PROJETO PERFURAÇÃO'!$AB:$AB,MATCH(MEDIÇÃO!K27,'PROJETO PERFURAÇÃO'!$B:$B,0)),1)&"''","") -> 5'' | J27: =IFERROR(IF(INDEX('PROJETO PERFURAÇÃO'!$P:$P,MATCH(MEDIÇÃO!K27,'PROJETO PERFURAÇÃO'!$B:$B,0))="Production","P",IF(INDEX('PROJETO PERFURAÇÃO'!$P:$P,MATCH(MEDIÇÃO!K27,'PROJETO PERFURAÇÃO'!$B:$B,0))="Buffer","B",IF(INDEX('PROJETO PERFURAÇÃO'!$P:$P,MATCH(MEDIÇÃO!K27,'PROJETO PERFURAÇÃO'!$B:$B,0))="Pre-Splitting","S"))),"") -> S | K27: =K26+1 -> 46 | L27: =IFERROR(INDEX('LEV R&D'!$D:$D,MATCH(MEDIÇÃO!K27,'LEV R&D'!$A:$A,0))-INDEX('PROJETO PERFURAÇÃO'!$AH:$AH,MATCH(MEDIÇÃO!K27,'PROJETO PERFURAÇÃO'!$B:$B,0)),"") | M27: =IFERROR(INDEX('PROJETO PERFURAÇÃO'!$AN:$AN,MATCH(MEDIÇÃO!K27,'PROJETO PERFURAÇÃO'!$B:$B,0)),"") -> 14.67 | P27: =IFERROR(ROUND(INDEX('PROJETO PERFURAÇÃO'!$AB:$AB,MATCH(MEDIÇÃO!R27,'PROJETO PERFURAÇÃO'!$B:$B,0)),1)&"''","") -> 5'' | Q27: =IFERROR(IF(INDEX('PROJETO PERFURAÇÃO'!$P:$P,MATCH(MEDIÇÃO!R27,'PROJETO PERFURAÇÃO'!$B:$B,0))="Production","P",IF(INDEX('PROJETO PERFURAÇÃO'!$P:$P,MATCH(MEDIÇÃO!R27,'PROJETO PERFURAÇÃO'!$B:$B,0))="Buffer","B",IF(INDEX('PROJETO PERFURAÇÃO'!$P:$P,MATCH(MEDIÇÃO!R27,'PROJETO PERFURAÇÃO'!$B:$B,0))="Pre-Splitting","S"))),"") -> S | R27: =R26+1 -> 69 | S27: =IFERROR(INDEX('LEV R&D'!$D:$D,MATCH(MEDIÇÃO!R27,'LEV R&D'!$A:$A,0))-INDEX('PROJETO PERFURAÇÃO'!$AH:$AH,MATCH(MEDIÇÃO!R27,'PROJETO PERFURAÇÃO'!$B:$B,0)),"") | T27: =IFERROR(INDEX('PROJETO PERFURAÇÃO'!$AN:$AN,MATCH(MEDIÇÃO!R27,'PROJETO PERFURAÇÃO'!$B:$B,0)),"") -> 14.92
C30: Responsável | M30: Responsável
B32: ='PROJETO PERFURAÇÃO'!$C$2&" - "&'PROJETO PERFURAÇÃO'!$H$2 -> LIB065 - PP0651026 | I32: P | J32: =Produção
I33: B | J33: =Buffer
I34: S | J34: =Pré Corte
B35: Ø | C35: Type | D35: ID | E35: Obj | F35: Inc | G35: Perf | H35: Rep | I35: Ø | J35: Type | K35: ID | L35: Obj | M35: Inc | N35: Perf | O35: Rep | P35: Ø | Q35: Type | R35: ID | S35: Obj | T35: Inc | U35: Perf | V35: Rep
B36: =IFERROR(ROUND(INDEX('PROJETO PERFURAÇÃO'!$AB:$AB,MATCH(MEDIÇÃO!D36,'PROJETO PERFURAÇÃO'!$B:$B,0)),1)&"''","") -> 5'' | C36: =IFERROR(IF(INDEX('PROJETO PERFURAÇÃO'!$P:$P,MATCH(MEDIÇÃO!D36,'PROJETO PERFURAÇÃO'!$B:$B,0))="Production","P",IF(INDEX('PROJETO PERFURAÇÃO'!$P:$P,MATCH(MEDIÇÃO!D36,'PROJETO PERFURAÇÃO'!$B:$B,0))="Buffer","B",IF(INDEX('PROJETO PERFURAÇÃO'!$P:$P,MATCH(MEDIÇÃO!D36,'PROJETO PERFURAÇÃO'!$B:$B,0))="Pre-Splitting","S"))),"") -> S | D36: =R27+1 -> 70 | E36: =IFERROR(INDEX('LEV R&D'!$D:$D,MATCH(MEDIÇÃO!D36,'LEV R&D'!$A:$A,0))-INDEX('PROJETO PERFURAÇÃO'!$AH:$AH,MATCH(MEDIÇÃO!D36,'PROJETO PERFURAÇÃO'!$B:$B,0)),"") | F36: =IFERROR(INDEX('PROJETO PERFURAÇÃO'!$AN:$AN,MATCH(MEDIÇÃO!D36,'PROJETO PERFURAÇÃO'!$B:$B,0)),"") -> 14.96 | I36: =IFERROR(ROUND(INDEX('PROJETO PERFURAÇÃO'!$AB:$AB,MATCH(MEDIÇÃO!K36,'PROJETO PERFURAÇÃO'!$B:$B,0)),1)&"''","") -> 5'' | J36: =IFERROR(IF(INDEX('PROJETO PERFURAÇÃO'!$P:$P,MATCH(MEDIÇÃO!K36,'PROJETO PERFURAÇÃO'!$B:$B,0))="Production","P",IF(INDEX('PROJETO PERFURAÇÃO'!$P:$P,MATCH(MEDIÇÃO!K36,'PROJETO PERFURAÇÃO'!$B:$B,0))="Buffer","B",IF(INDEX('PROJETO PERFURAÇÃO'!$P:$P,MATCH(MEDIÇÃO!K36,'PROJETO PERFURAÇÃO'!$B:$B,0))="Pre-Splitting","S"))),"") -> S | K36: =D58+1 -> 93 | L36: =IFERROR(INDEX('LEV R&D'!$D:$D,MATCH(MEDIÇÃO!K36,'LEV R&D'!$A:$A,0))-INDEX('PROJETO PERFURAÇÃO'!$AH:$AH,MATCH(MEDIÇÃO!K36,'PROJETO PERFURAÇÃO'!$B:$B,0)),"") | M36: =IFERROR(INDEX('PROJETO PERFURAÇÃO'!$AN:$AN,MATCH(MEDIÇÃO!K36,'PROJETO PERFURAÇÃO'!$B:$B,0)),"") -> 15.33 | P36: =IFERROR(ROUND(INDEX('PROJETO PERFURAÇÃO'!$AB:$AB,MATCH(MEDIÇÃO!R36,'PROJETO PERFURAÇÃO'!$B:$B,0)),1)&"''","") -> 5'' | Q36: =IFERROR(IF(INDEX('PROJETO PERFURAÇÃO'!$P:$P,MATCH(MEDIÇÃO!R36,'PROJETO PERFURAÇÃO'!$B:$B,0))="Production","P",IF(INDEX('PROJETO PERFURAÇÃO'!$P:$P,MATCH(MEDIÇÃO!R36,'PROJETO PERFURAÇÃO'!$B:$B,0))="Buffer","B",IF(INDEX('PROJETO PERFURAÇÃO'!$P:$P,MATCH(MEDIÇÃO!R36,'PROJETO PERFURAÇÃO'!$B:$B,0))="Pre-Splitting","S"))),"") -> S | R36: =K58+1 -> 116 | S36: =IFERROR(INDEX('LEV R&D'!$D:$D,MATCH(MEDIÇÃO!R36,'LEV R&D'!$A:$A,0))-INDEX('PROJETO PERFURAÇÃO'!$AH:$AH,MATCH(MEDIÇÃO!R36,'PROJETO PERFURAÇÃO'!$B:$B,0)),"") | T36: =IFERROR(INDEX('PROJETO PERFURAÇÃO'!$AN:$AN,MATCH(MEDIÇÃO!R36,'PROJETO PERFURAÇÃO'!$B:$B,0)),"") -> 16.79
B37: =IFERROR(ROUND(INDEX('PROJETO PERFURAÇÃO'!$AB:$AB,MATCH(MEDIÇÃO!D37,'PROJETO PERFURAÇÃO'!$B:$B,0)),1)&"''","") -> 5'' | C37: =IFERROR(IF(INDEX('PROJETO PERFURAÇÃO'!$P:$P,MATCH(MEDIÇÃO!D37,'PROJETO PERFURAÇÃO'!$B:$B,0))="Production","P",IF(INDEX('PROJETO PERFURAÇÃO'!$P:$P,MATCH(MEDIÇÃO!D37,'PROJETO PERFURAÇÃO'!$B:$B,0))="Buffer","B",IF(INDEX('PROJETO PERFURAÇÃO'!$P:$P,MATCH(MEDIÇÃO!D37,'PROJETO PERFURAÇÃO'!$B:$B,0))="Pre-Splitting","S"))),"") -> S | D37: =D36+1 -> 71 | E37: =IFERROR(INDEX('LEV R&D'!$D:$D,MATCH(MEDIÇÃO!D37,'LEV R&D'!$A:$A,0))-INDEX('PROJETO PERFURAÇÃO'!$AH:$AH,MATCH(MEDIÇÃO!D37,'PROJETO PERFURAÇÃO'!$B:$B,0)),"") | F37: =IFERROR(INDEX('PROJETO PERFURAÇÃO'!$AN:$AN,MATCH(MEDIÇÃO!D37,'PROJETO PERFURAÇÃO'!$B:$B,0)),"") -> 15.02 | I37: =IFERROR(ROUND(INDEX('PROJETO PERFURAÇÃO'!$AB:$AB,MATCH(MEDIÇÃO!K37,'PROJETO PERFURAÇÃO'!$B:$B,0)),1)&"''","") -> 5'' | J37: =IFERROR(IF(INDEX('PROJETO PERFURAÇÃO'!$P:$P,MATCH(MEDIÇÃO!K37,'PROJETO PERFURAÇÃO'!$B:$B,0))="Production","P",IF(INDEX('PROJETO PERFURAÇÃO'!$P:$P,MATCH(MEDIÇÃO!K37,'PROJETO PERFURAÇÃO'!$B:$B,0))="Buffer","B",IF(INDEX('PROJETO PERFURAÇÃO'!$P:$P,MATCH(MEDIÇÃO!K37,'PROJETO PERFURAÇÃO'!$B:$B,0))="Pre-Splitting","S"))),"") -> S | K37: =K36+1 -> 94 | L37: =IFERROR(INDEX('LEV R&D'!$D:$D,MATCH(MEDIÇÃO!K37,'LEV R&D'!$A:$A,0))-INDEX('PROJETO PERFURAÇÃO'!$AH:$AH,MATCH(MEDIÇÃO!K37,'PROJETO PERFURAÇÃO'!$B:$B,0)),"") | M37: =IFERROR(INDEX('PROJETO PERFURAÇÃO'!$AN:$AN,MATCH(MEDIÇÃO!K37,'PROJETO PERFURAÇÃO'!$B:$B,0)),"") -> 15.49 | P37: =IFERROR(ROUND(INDEX('PROJETO PERFURAÇÃO'!$AB:$AB,MATCH(MEDIÇÃO!R37,'PROJETO PERFURAÇÃO'!$B:$B,0)),1)&"''","") -> 5'' | Q37: =IFERROR(IF(INDEX('PROJETO PERFURAÇÃO'!$P:$P,MATCH(MEDIÇÃO!R37,'PROJETO PERFURAÇÃO'!$B:$B,0))="Production","P",IF(INDEX('PROJETO PERFURAÇÃO'!$P:$P,MATCH(MEDIÇÃO!R37,'PROJETO PERFURAÇÃO'!$B:$B,0))="Buffer","B",IF(INDEX('PROJETO PERFURAÇÃO'!$P:$P,MATCH(MEDIÇÃO!R37,'PROJETO PERFURAÇÃO'!$B:$B,0))="Pre-Splitting","S"))),"") -> P | R37: =R36+1 -> 117 | S37: =IFERROR(INDEX('LEV R&D'!$D:$D,MATCH(MEDIÇÃO!R37,'LEV R&D'!$A:$A,0))-INDEX('PROJETO PERFURAÇÃO'!$AH:$AH,MATCH(MEDIÇÃO!R37,'PROJETO PERFURAÇÃO'!$B:$B,0)),"") | T37: =IFERROR(INDEX('PROJETO PERFURAÇÃO'!$AN:$AN,MATCH(MEDIÇÃO!R37,'PROJETO PERFURAÇÃO'!$B:$B,0)),"") -> 0
B38: =IFERROR(ROUND(INDEX('PROJETO PERFURAÇÃO'!$AB:$AB,MATCH(MEDIÇÃO!D38,'PROJETO PERFURAÇÃO'!$B:$B,0)),1)&"''","") -> 5'' | C38: =IFERROR(IF(INDEX('PROJETO PERFURAÇÃO'!$P:$P,MATCH(MEDIÇÃO!D38,'PROJETO PERFURAÇÃO'!$B:$B,0))="Production","P",IF(INDEX('PROJETO PERFURAÇÃO'!$P:$P,MATCH(MEDIÇÃO!D38,'PROJETO PERFURAÇÃO'!$B:$B,0))="Buffer","B",IF(INDEX('PROJETO PERFURAÇÃO'!$P:$P,MATCH(MEDIÇÃO!D38,'PROJETO PERFURAÇÃO'!$B:$B,0))="Pre-Splitting","S"))),"") -> S | D38: =D37+1 -> 72 | E38: =IFERROR(INDEX('LEV R&D'!$D:$D,MATCH(MEDIÇÃO!D38,'LEV R&D'!$A:$A,0))-INDEX('PROJETO PERFURAÇÃO'!$AH:$AH,MATCH(MEDIÇÃO!D38,'PROJETO PERFURAÇÃO'!$B:$B,0)),"") | F38: =IFERROR(INDEX('PROJETO PERFURAÇÃO'!$AN:$AN,MATCH(MEDIÇÃO!D38,'PROJETO PERFURAÇÃO'!$B:$B,0)),"") -> 15.06 | I38: =IFERROR(ROUND(INDEX('PROJETO PERFURAÇÃO'!$AB:$AB,MATCH(MEDIÇÃO!K38,'PROJETO PERFURAÇÃO'!$B:$B,0)),1)&"''","") -> 5'' | J38: =IFERROR(IF(INDEX('PROJETO PERFURAÇÃO'!$P:$P,MATCH(MEDIÇÃO!K38,'PROJETO PERFURAÇÃO'!$B:$B,0))="Production","P",IF(INDEX('PROJETO PERFURAÇÃO'!$P:$P,MATCH(MEDIÇÃO!K38,'PROJETO PERFURAÇÃO'!$B:$B,0))="Buffer","B",IF(INDEX('PROJETO PERFURAÇÃO'!$P:$P,MATCH(MEDIÇÃO!K38,'PROJETO PERFURAÇÃO'!$B:$B,0))="Pre-Splitting","S"))),"") -> S | K38: =K37+1 -> 95 | L38: =IFERROR(INDEX('LEV R&D'!$D:$D,MATCH(MEDIÇÃO!K38,'LEV R&D'!$A:$A,0))-INDEX('PROJETO PERFURAÇÃO'!$AH:$AH,MATCH(MEDIÇÃO!K38,'PROJETO PERFURAÇÃO'!$B:$B,0)),"") | M38: =IFERROR(INDEX('PROJETO PERFURAÇÃO'!$AN:$AN,MATCH(MEDIÇÃO!K38,'PROJETO PERFURAÇÃO'!$B:$B,0)),"") -> 15.4 | P38: =IFERROR(ROUND(INDEX('PROJETO PERFURAÇÃO'!$AB:$AB,MATCH(MEDIÇÃO!R38,'PROJETO PERFURAÇÃO'!$B:$B,0)),1)&"''","") -> 5'' | Q38: =IFERROR(IF(INDEX('PROJETO PERFURAÇÃO'!$P:$P,MATCH(MEDIÇÃO!R38,'PROJETO PERFURAÇÃO'!$B:$B,0))="Production","P",IF(INDEX('PROJETO PERFURAÇÃO'!$P:$P,MATCH(MEDIÇÃO!R38,'PROJETO PERFURAÇÃO'!$B:$B,0))="Buffer","B",IF(INDEX('PROJETO PERFURAÇÃO'!$P:$P,MATCH(MEDIÇÃO!R38,'PROJETO PERFURAÇÃO'!$B:$B,0))="Pre-Splitting","S"))),"") -> P | R38: =R37+1 -> 118 | S38: =IFERROR(INDEX('LEV R&D'!$D:$D,MATCH(MEDIÇÃO!R38,'LEV R&D'!$A:$A,0))-INDEX('PROJETO PERFURAÇÃO'!$AH:$AH,MATCH(MEDIÇÃO!R38,'PROJETO PERFURAÇÃO'!$B:$B,0)),"") | T38: =IFERROR(INDEX('PROJETO PERFURAÇÃO'!$AN:$AN,MATCH(MEDIÇÃO!R38,'PROJETO PERFURAÇÃO'!$B:$B,0)),"") -> 0
B39: =IFERROR(ROUND(INDEX('PROJETO PERFURAÇÃO'!$AB:$AB,MATCH(MEDIÇÃO!D39,'PROJETO PERFURAÇÃO'!$B:$B,0)),1)&"''","") -> 5'' | C39: =IFERROR(IF(INDEX('PROJETO PERFURAÇÃO'!$P:$P,MATCH(MEDIÇÃO!D39,'PROJETO PERFURAÇÃO'!$B:$B,0))="Production","P",IF(INDEX('PROJETO PERFURAÇÃO'!$P:$P,MATCH(MEDIÇÃO!D39,'PROJETO PERFURAÇÃO'!$B:$B,0))="Buffer","B",IF(INDEX('PROJETO PERFURAÇÃO'!$P:$P,MATCH(MEDIÇÃO!D39,'PROJETO PERFURAÇÃO'!$B:$B,0))="Pre-Splitting","S"))),"") -> S | D39: =D38+1 -> 73 | E39: =IFERROR(INDEX('LEV R&D'!$D:$D,MATCH(MEDIÇÃO!D39,'LEV R&D'!$A:$A,0))-INDEX('PROJETO PERFURAÇÃO'!$AH:$AH,MATCH(MEDIÇÃO!D39,'PROJETO PERFURAÇÃO'!$B:$B,0)),"") | F39: =IFERROR(INDEX('PROJETO PERFURAÇÃO'!$AN:$AN,MATCH(MEDIÇÃO!D39,'PROJETO PERFURAÇÃO'!$B:$B,0)),"") -> 15.07 | I39: =IFERROR(ROUND(INDEX('PROJETO PERFURAÇÃO'!$AB:$AB,MATCH(MEDIÇÃO!K39,'PROJETO PERFURAÇÃO'!$B:$B,0)),1)&"''","") -> 5'' | J39: =IFERROR(IF(INDEX('PROJETO PERFURAÇÃO'!$P:$P,MATCH(MEDIÇÃO!K39,'PROJETO PERFURAÇÃO'!$B:$B,0))="Production","P",IF(INDEX('PROJETO PERFURAÇÃO'!$P:$P,MATCH(MEDIÇÃO!K39,'PROJETO PERFURAÇÃO'!$B:$B,0))="Buffer","B",IF(INDEX('PROJETO PERFURAÇÃO'!$P:$P,MATCH(MEDIÇÃO!K39,'PROJETO PERFURAÇÃO'!$B:$B,0))="Pre-Splitting","S"))),"") -> S | K39: =K38+1 -> 96 | L39: =IFERROR(INDEX('LEV R&D'!$D:$D,MATCH(MEDIÇÃO!K39,'LEV R&D'!$A:$A,0))-INDEX('PROJETO PERFURAÇÃO'!$AH:$AH,MATCH(MEDIÇÃO!K39,'PROJETO PERFURAÇÃO'!$B:$B,0)),"") | M39: =IFERROR(INDEX('PROJETO PERFURAÇÃO'!$AN:$AN,MATCH(MEDIÇÃO!K39,'PROJETO PERFURAÇÃO'!$B:$B,0)),"") -> 15.38 | P39: =IFERROR(ROUND(INDEX('PROJETO PERFURAÇÃO'!$AB:$AB,MATCH(MEDIÇÃO!R39,'PROJETO PERFURAÇÃO'!$B:$B,0)),1)&"''","") -> 5'' | Q39: =IFERROR(IF(INDEX('PROJETO PERFURAÇÃO'!$P:$P,MATCH(MEDIÇÃO!R39,'PROJETO PERFURAÇÃO'!$B:$B,0))="Production","P",IF(INDEX('PROJETO PERFURAÇÃO'!$P:$P,MATCH(MEDIÇÃO!R39,'PROJETO PERFURAÇÃO'!$B:$B,0))="Buffer","B",IF(INDEX('PROJETO PERFURAÇÃO'!$P:$P,MATCH(MEDIÇÃO!R39,'PROJETO PERFURAÇÃO'!$B:$B,0))="Pre-Splitting","S"))),"") -> P | R39: =R38+1 -> 119 | S39: =IFERROR(INDEX('LEV R&D'!$D:$D,MATCH(MEDIÇÃO!R39,'LEV R&D'!$A:$A,0))-INDEX('PROJETO PERFURAÇÃO'!$AH:$AH,MATCH(MEDIÇÃO!R39,'PROJETO PERFURAÇÃO'!$B:$B,0)),"") | T39: =IFERROR(INDEX('PROJETO PERFURAÇÃO'!$AN:$AN,MATCH(MEDIÇÃO!R39,'PROJETO PERFURAÇÃO'!$B:$B,0)),"") -> 0
B40: =IFERROR(ROUND(INDEX('PROJETO PERFURAÇÃO'!$AB:$AB,MATCH(MEDIÇÃO!D40,'PROJETO PERFURAÇÃO'!$B:$B,0)),1)&"''","") -> 5'' | C40: =IFERROR(IF(INDEX('PROJETO PERFURAÇÃO'!$P:$P,MATCH(MEDIÇÃO!D40,'PROJETO PERFURAÇÃO'!$B:$B,0))="Production","P",IF(INDEX('PROJETO PERFURAÇÃO'!$P:$P,MATCH(MEDIÇÃO!D40,'PROJETO PERFURAÇÃO'!$B:$B,0))="Buffer","B",IF(INDEX('PROJETO PERFURAÇÃO'!$P:$P,MATCH(MEDIÇÃO!D40,'PROJETO PERFURAÇÃO'!$B:$B,0))="Pre-Splitting","S"))),"") -> S | D40: =D39+1 -> 74 | E40: =IFERROR(INDEX('LEV R&D'!$D:$D,MATCH(MEDIÇÃO!D40,'LEV R&D'!$A:$A,0))-INDEX('PROJETO PERFURAÇÃO'!$AH:$AH,MATCH(MEDIÇÃO!D40,'PROJETO PERFURAÇÃO'!$B:$B,0)),"") | F40: =IFERROR(INDEX('PROJETO PERFURAÇÃO'!$AN:$AN,MATCH(MEDIÇÃO!D40,'PROJETO PERFURAÇÃO'!$B:$B,0)),"") -> 14.9 | I40: =IFERROR(ROUND(INDEX('PROJETO PERFURAÇÃO'!$AB:$AB,MATCH(MEDIÇÃO!K40,'PROJETO PERFURAÇÃO'!$B:$B,0)),1)&"''","") -> 5'' | J40: =IFERROR(IF(INDEX('PROJETO PERFURAÇÃO'!$P:$P,MATCH(MEDIÇÃO!K40,'PROJETO PERFURAÇÃO'!$B:$B,0))="Production","P",IF(INDEX('PROJETO PERFURAÇÃO'!$P:$P,MATCH(MEDIÇÃO!K40,'PROJETO PERFURAÇÃO'!$B:$B,0))="Buffer","B",IF(INDEX('PROJETO PERFURAÇÃO'!$P:$P,MATCH(MEDIÇÃO!K40,'PROJETO PERFURAÇÃO'!$B:$B,0))="Pre-Splitting","S"))),"") -> S | K40: =K39+1 -> 97 | L40: =IFERROR(INDEX('LEV R&D'!$D:$D,MATCH(MEDIÇÃO!K40,'LEV R&D'!$A:$A,0))-INDEX('PROJETO PERFURAÇÃO'!$AH:$AH,MATCH(MEDIÇÃO!K40,'PROJETO PERFURAÇÃO'!$B:$B,0)),"") | M40: =IFERROR(INDEX('PROJETO PERFURAÇÃO'!$AN:$AN,MATCH(MEDIÇÃO!K40,'PROJETO PERFURAÇÃO'!$B:$B,0)),"") -> 15.45 | P40: =IFERROR(ROUND(INDEX('PROJETO PERFURAÇÃO'!$AB:$AB,MATCH(MEDIÇÃO!R40,'PROJETO PERFURAÇÃO'!$B:$B,0)),1)&"''","") -> 5'' | Q40: =IFERROR(IF(INDEX('PROJETO PERFURAÇÃO'!$P:$P,MATCH(MEDIÇÃO!R40,'PROJETO PERFURAÇÃO'!$B:$B,0))="Production","P",IF(INDEX('PROJETO PERFURAÇÃO'!$P:$P,MATCH(MEDIÇÃO!R40,'PROJETO PERFURAÇÃO'!$B:$B,0))="Buffer","B",IF(INDEX('PROJETO PERFURAÇÃO'!$P:$P,MATCH(MEDIÇÃO!R40,'PROJETO PERFURAÇÃO'!$B:$B,0))="Pre-Splitting","S"))),"") -> P | R40: =R39+1 -> 120 | S40: =IFERROR(INDEX('LEV R&D'!$D:$D,MATCH(MEDIÇÃO!R40,'LEV R&D'!$A:$A,0))-INDEX('PROJETO PERFURAÇÃO'!$AH:$AH,MATCH(MEDIÇÃO!R40,'PROJETO PERFURAÇÃO'!$B:$B,0)),"") | T40: =IFERROR(INDEX('PROJETO PERFURAÇÃO'!$AN:$AN,MATCH(MEDIÇÃO!R40,'PROJETO PERFURAÇÃO'!$B:$B,0)),"") -> 0
B41: =IFERROR(ROUND(INDEX('PROJETO PERFURAÇÃO'!$AB:$AB,MATCH(MEDIÇÃO!D41,'PROJETO PERFURAÇÃO'!$B:$B,0)),1)&"''","") -> 5'' | C41: =IFERROR(IF(INDEX('PROJETO PERFURAÇÃO'!$P:$P,MATCH(MEDIÇÃO!D41,'PROJETO PERFURAÇÃO'!$B:$B,0))="Production","P",IF(INDEX('PROJETO PERFURAÇÃO'!$P:$P,MATCH(MEDIÇÃO!D41,'PROJETO PERFURAÇÃO'!$B:$B,0))="Buffer","B",IF(INDEX('PROJETO PERFURAÇÃO'!$P:$P,MATCH(MEDIÇÃO!D41,'PROJETO PERFURAÇÃO'!$B:$B,0))="Pre-Splitting","S"))),"") -> S | D41: =D40+1 -> 75 | E41: =IFERROR(INDEX('LEV R&D'!$D:$D,MATCH(MEDIÇÃO!D41,'LEV R&D'!$A:$A,0))-INDEX('PROJETO PERFURAÇÃO'!$AH:$AH,MATCH(MEDIÇÃO!D41,'PROJETO PERFURAÇÃO'!$B:$B,0)),"") | F41: =IFERROR(INDEX('PROJETO PERFURAÇÃO'!$AN:$AN,MATCH(MEDIÇÃO!D41,'PROJETO PERFURAÇÃO'!$B:$B,0)),"") -> 14.82 | I41: =IFERROR(ROUND(INDEX('PROJETO PERFURAÇÃO'!$AB:$AB,MATCH(MEDIÇÃO!K41,'PROJETO PERFURAÇÃO'!$B:$B,0)),1)&"''","") -> 5'' | J41: =IFERROR(IF(INDEX('PROJETO PERFURAÇÃO'!$P:$P,MATCH(MEDIÇÃO!K41,'PROJETO PERFURAÇÃO'!$B:$B,0))="Production","P",IF(INDEX('PROJETO PERFURAÇÃO'!$P:$P,MATCH(MEDIÇÃO!K41,'PROJETO PERFURAÇÃO'!$B:$B,0))="Buffer","B",IF(INDEX('PROJETO PERFURAÇÃO'!$P:$P,MATCH(MEDIÇÃO!K41,'PROJETO PERFURAÇÃO'!$B:$B,0))="Pre-Splitting","S"))),"") -> S | K41: =K40+1 -> 98 | L41: =IFERROR(INDEX('LEV R&D'!$D:$D,MATCH(MEDIÇÃO!K41,'LEV R&D'!$A:$A,0))-INDEX('PROJETO PERFURAÇÃO'!$AH:$AH,MATCH(MEDIÇÃO!K41,'PROJETO PERFURAÇÃO'!$B:$B,0)),"") | M41: =IFERROR(INDEX('PROJETO PERFURAÇÃO'!$AN:$AN,MATCH(MEDIÇÃO!K41,'PROJETO PERFURAÇÃO'!$B:$B,0)),"") -> 15.6 | P41: =IFERROR(ROUND(INDEX('PROJETO PERFURAÇÃO'!$AB:$AB,MATCH(MEDIÇÃO!R41,'PROJETO PERFURAÇÃO'!$B:$B,0)),1)&"''","") -> 5'' | Q41: =IFERROR(IF(INDEX('PROJETO PERFURAÇÃO'!$P:$P,MATCH(MEDIÇÃO!R41,'PROJETO PERFURAÇÃO'!$B:$B,0))="Production","P",IF(INDEX('PROJETO PERFURAÇÃO'!$P:$P,MATCH(MEDIÇÃO!R41,'PROJETO PERFURAÇÃO'!$B:$B,0))="Buffer","B",IF(INDEX('PROJETO PERFURAÇÃO'!$P:$P,MATCH(MEDIÇÃO!R41,'PROJETO PERFURAÇÃO'!$B:$B,0))="Pre-Splitting","S"))),"") -> P | R41: =R40+1 -> 121 | S41: =IFERROR(INDEX('LEV R&D'!$D:$D,MATCH(MEDIÇÃO!R41,'LEV R&D'!$A:$A,0))-INDEX('PROJETO PERFURAÇÃO'!$AH:$AH,MATCH(MEDIÇÃO!R41,'PROJETO PERFURAÇÃO'!$B:$B,0)),"") | T41: =IFERROR(INDEX('PROJETO PERFURAÇÃO'!$AN:$AN,MATCH(MEDIÇÃO!R41,'PROJETO PERFURAÇÃO'!$B:$B,0)),"") -> 0
B42: =IFERROR(ROUND(INDEX('PROJETO PERFURAÇÃO'!$AB:$AB,MATCH(MEDIÇÃO!D42,'PROJETO PERFURAÇÃO'!$B:$B,0)),1)&"''","") -> 5'' | C42: =IFERROR(IF(INDEX('PROJETO PERFURAÇÃO'!$P:$P,MATCH(MEDIÇÃO!D42,'PROJETO PERFURAÇÃO'!$B:$B,0))="Production","P",IF(INDEX('PROJETO PERFURAÇÃO'!$P:$P,MATCH(MEDIÇÃO!D42,'PROJETO PERFURAÇÃO'!$B:$B,0))="Buffer","B",IF(INDEX('PROJETO PERFURAÇÃO'!$P:$P,MATCH(MEDIÇÃO!D42,'PROJETO PERFURAÇÃO'!$B:$B,0))="Pre-Splitting","S"))),"") -> S | D42: =D41+1 -> 76 | E42: =IFERROR(INDEX('LEV R&D'!$D:$D,MATCH(MEDIÇÃO!D42,'LEV R&D'!$A:$A,0))-INDEX('PROJETO PERFURAÇÃO'!$AH:$AH,MATCH(MEDIÇÃO!D42,'PROJETO PERFURAÇÃO'!$B:$B,0)),"") | F42: =IFERROR(INDEX('PROJETO PERFURAÇÃO'!$AN:$AN,MATCH(MEDIÇÃO!D42,'PROJETO PERFURAÇÃO'!$B:$B,0)),"") -> 14.89 | I42: =IFERROR(ROUND(INDEX('PROJETO PERFURAÇÃO'!$AB:$AB,MATCH(MEDIÇÃO!K42,'PROJETO PERFURAÇÃO'!$B:$B,0)),1)&"''","") -> 5'' | J42: =IFERROR(IF(INDEX('PROJETO PERFURAÇÃO'!$P:$P,MATCH(MEDIÇÃO!K42,'PROJETO PERFURAÇÃO'!$B:$B,0))="Production","P",IF(INDEX('PROJETO PERFURAÇÃO'!$P:$P,MATCH(MEDIÇÃO!K42,'PROJETO PERFURAÇÃO'!$B:$B,0))="Buffer","B",IF(INDEX('PROJETO PERFURAÇÃO'!$P:$P,MATCH(MEDIÇÃO!K42,'PROJETO PERFURAÇÃO'!$B:$B,0))="Pre-Splitting","S"))),"") -> S | K42: =K41+1 -> 99 | L42: =IFERROR(INDEX('LEV R&D'!$D:$D,MATCH(MEDIÇÃO!K42,'LEV R&D'!$A:$A,0))-INDEX('PROJETO PERFURAÇÃO'!$AH:$AH,MATCH(MEDIÇÃO!K42,'PROJETO PERFURAÇÃO'!$B:$B,0)),"") | M42: =IFERROR(INDEX('PROJETO PERFURAÇÃO'!$AN:$AN,MATCH(MEDIÇÃO!K42,'PROJETO PERFURAÇÃO'!$B:$B,0)),"") -> 15.88 | P42: =IFERROR(ROUND(INDEX('PROJETO PERFURAÇÃO'!$AB:$AB,MATCH(MEDIÇÃO!R42,'PROJETO PERFURAÇÃO'!$B:$B,0)),1)&"''","") -> 5'' | Q42: =IFERROR(IF(INDEX('PROJETO PERFURAÇÃO'!$P:$P,MATCH(MEDIÇÃO!R42,'PROJETO PERFURAÇÃO'!$B:$B,0))="Production","P",IF(INDEX('PROJETO PERFURAÇÃO'!$P:$P,MATCH(MEDIÇÃO!R42,'PROJETO PERFURAÇÃO'!$B:$B,0))="Buffer","B",IF(INDEX('PROJETO PERFURAÇÃO'!$P:$P,MATCH(MEDIÇÃO!R42,'PROJETO PERFURAÇÃO'!$B:$B,0))="Pre-Splitting","S"))),"") -> P | R42: =R41+1 -> 122 | S42: =IFERROR(INDEX('LEV R&D'!$D:$D,MATCH(MEDIÇÃO!R42,'LEV R&D'!$A:$A,0))-INDEX('PROJETO PERFURAÇÃO'!$AH:$AH,MATCH(MEDIÇÃO!R42,'PROJETO PERFURAÇÃO'!$B:$B,0)),"") | T42: =IFERROR(INDEX('PROJETO PERFURAÇÃO'!$AN:$AN,MATCH(MEDIÇÃO!R42,'PROJETO PERFURAÇÃO'!$B:$B,0)),"") -> 0
B43: =IFERROR(ROUND(INDEX('PROJETO PERFURAÇÃO'!$AB:$AB,MATCH(MEDIÇÃO!D43,'PROJETO PERFURAÇÃO'!$B:$B,0)),1)&"''","") -> 5'' | C43: =IFERROR(IF(INDEX('PROJETO PERFURAÇÃO'!$P:$P,MATCH(MEDIÇÃO!D43,'PROJETO PERFURAÇÃO'!$B:$B,0))="Production","P",IF(INDEX('PROJETO PERFURAÇÃO'!$P:$P,MATCH(MEDIÇÃO!D43,'PROJETO PERFURAÇÃO'!$B:$B,0))="Buffer","B",IF(INDEX('PROJETO PERFURAÇÃO'!$P:$P,MATCH(MEDIÇÃO!D43,'PROJETO PERFURAÇÃO'!$B:$B,0))="Pre-Splitting","S"))),"") -> S | D43: =D42+1 -> 77 | E43: =IFERROR(INDEX('LEV R&D'!$D:$D,MATCH(MEDIÇÃO!D43,'LEV R&D'!$A:$A,0))-INDEX('PROJETO PERFURAÇÃO'!$AH:$AH,MATCH(MEDIÇÃO!D43,'PROJETO PERFURAÇÃO'!$B:$B,0)),"") | F43: =IFERROR(INDEX('PROJETO PERFURAÇÃO'!$AN:$AN,MATCH(MEDIÇÃO!D43,'PROJETO PERFURAÇÃO'!$B:$B,0)),"") -> 14.99 | I43: =IFERROR(ROUND(INDEX('PROJETO PERFURAÇÃO'!$AB:$AB,MATCH(MEDIÇÃO!K43,'PROJETO PERFURAÇÃO'!$B:$B,0)),1)&"''","") -> 5'' | J43: =IFERROR(IF(INDEX('PROJETO PERFURAÇÃO'!$P:$P,MATCH(MEDIÇÃO!K43,'PROJETO PERFURAÇÃO'!$B:$B,0))="Production","P",IF(INDEX('PROJETO PERFURAÇÃO'!$P:$P,MATCH(MEDIÇÃO!K43,'PROJETO PERFURAÇÃO'!$B:$B,0))="Buffer","B",IF(INDEX('PROJETO PERFURAÇÃO'!$P:$P,MATCH(MEDIÇÃO!K43,'PROJETO PERFURAÇÃO'!$B:$B,0))="Pre-Splitting","S"))),"") -> S | K43: =K42+1 -> 100 | L43: =IFERROR(INDEX('LEV R&D'!$D:$D,MATCH(MEDIÇÃO!K43,'LEV R&D'!$A:$A,0))-INDEX('PROJETO PERFURAÇÃO'!$AH:$AH,MATCH(MEDIÇÃO!K43,'PROJETO PERFURAÇÃO'!$B:$B,0)),"") | M43: =IFERROR(INDEX('PROJETO PERFURAÇÃO'!$AN:$AN,MATCH(MEDIÇÃO!K43,'PROJETO PERFURAÇÃO'!$B:$B,0)),"") -> 16 | P43: =IFERROR(ROUND(INDEX('PROJETO PERFURAÇÃO'!$AB:$AB,MATCH(MEDIÇÃO!R43,'PROJETO PERFURAÇÃO'!$B:$B,0)),1)&"''","") -> 5'' | Q43: =IFERROR(IF(INDEX('PROJETO PERFURAÇÃO'!$P:$P,MATCH(MEDIÇÃO!R43,'PROJETO PERFURAÇÃO'!$B:$B,0))="Production","P",IF(INDEX('PROJETO PERFURAÇÃO'!$P:$P,MATCH(MEDIÇÃO!R43,'PROJETO PERFURAÇÃO'!$B:$B,0))="Buffer","B",IF(INDEX('PROJETO PERFURAÇÃO'!$P:$P,MATCH(MEDIÇÃO!R43,'PROJETO PERFURAÇÃO'!$B:$B,0))="Pre-Splitting","S"))),"") -> P | R43: =R42+1 -> 123 | S43: =IFERROR(INDEX('LEV R&D'!$D:$D,MATCH(MEDIÇÃO!R43,'LEV R&D'!$A:$A,0))-INDEX('PROJETO PERFURAÇÃO'!$AH:$AH,MATCH(MEDIÇÃO!R43,'PROJETO PERFURAÇÃO'!$B:$B,0)),"") | T43: =IFERROR(INDEX('PROJETO PERFURAÇÃO'!$AN:$AN,MATCH(MEDIÇÃO!R43,'PROJETO PERFURAÇÃO'!$B:$B,0)),"") -> 0
B44: =IFERROR(ROUND(INDEX('PROJETO PERFURAÇÃO'!$AB:$AB,MATCH(MEDIÇÃO!D44,'PROJETO PERFURAÇÃO'!$B:$B,0)),1)&"''","") -> 5'' | C44: =IFERROR(IF(INDEX('PROJETO PERFURAÇÃO'!$P:$P,MATCH(MEDIÇÃO!D44,'PROJETO PERFURAÇÃO'!$B:$B,0))="Production","P",IF(INDEX('PROJETO PERFURAÇÃO'!$P:$P,MATCH(MEDIÇÃO!D44,'PROJETO PERFURAÇÃO'!$B:$B,0))="Buffer","B",IF(INDEX('PROJETO PERFURAÇÃO'!$P:$P,MATCH(MEDIÇÃO!D44,'PROJETO PERFURAÇÃO'!$B:$B,0))="Pre-Splitting","S"))),"") -> S | D44: =D43+1 -> 78 | E44: =IFERROR(INDEX('LEV R&D'!$D:$D,MATCH(MEDIÇÃO!D44,'LEV R&D'!$A:$A,0))-INDEX('PROJETO PERFURAÇÃO'!$AH:$AH,MATCH(MEDIÇÃO!D44,'PROJETO PERFURAÇÃO'!$B:$B,0)),"") | F44: =IFERROR(INDEX('PROJETO PERFURAÇÃO'!$AN:$AN,MATCH(MEDIÇÃO!D44,'PROJETO PERFURAÇÃO'!$B:$B,0)),"") -> 14.96 | I44: =IFERROR(ROUND(INDEX('PROJETO PERFURAÇÃO'!$AB:$AB,MATCH(MEDIÇÃO!K44,'PROJETO PERFURAÇÃO'!$B:$B,0)),1)&"''","") -> 5'' | J44: =IFERROR(IF(INDEX('PROJETO PERFURAÇÃO'!$P:$P,MATCH(MEDIÇÃO!K44,'PROJETO PERFURAÇÃO'!$B:$B,0))="Production","P",IF(INDEX('PROJETO PERFURAÇÃO'!$P:$P,MATCH(MEDIÇÃO!K44,'PROJETO PERFURAÇÃO'!$B:$B,0))="Buffer","B",IF(INDEX('PROJETO PERFURAÇÃO'!$P:$P,MATCH(MEDIÇÃO!K44,'PROJETO PERFURAÇÃO'!$B:$B,0))="Pre-Splitting","S"))),"") -> S | K44: =K43+1 -> 101 | L44: =IFERROR(INDEX('LEV R&D'!$D:$D,MATCH(MEDIÇÃO!K44,'LEV R&D'!$A:$A,0))-INDEX('PROJETO PERFURAÇÃO'!$AH:$AH,MATCH(MEDIÇÃO!K44,'PROJETO PERFURAÇÃO'!$B:$B,0)),"") | M44: =IFERROR(INDEX('PROJETO PERFURAÇÃO'!$AN:$AN,MATCH(MEDIÇÃO!K44,'PROJETO PERFURAÇÃO'!$B:$B,0)),"") -> 15.98 | P44: =IFERROR(ROUND(INDEX('PROJETO PERFURAÇÃO'!$AB:$AB,MATCH(MEDIÇÃO!R44,'PROJETO PERFURAÇÃO'!$B:$B,0)),1)&"''","") -> 5'' | Q44: =IFERROR(IF(INDEX('PROJETO PERFURAÇÃO'!$P:$P,MATCH(MEDIÇÃO!R44,'PROJETO PERFURAÇÃO'!$B:$B,0))="Production","P",IF(INDEX('PROJETO PERFURAÇÃO'!$P:$P,MATCH(MEDIÇÃO!R44,'PROJETO PERFURAÇÃO'!$B:$B,0))="Buffer","B",IF(INDEX('PROJETO PERFURAÇÃO'!$P:$P,MATCH(MEDIÇÃO!R44,'PROJETO PERFURAÇÃO'!$B:$B,0))="Pre-Splitting","S"))),"") -> P | R44: =R43+1 -> 124 | S44: =IFERROR(INDEX('LEV R&D'!$D:$D,MATCH(MEDIÇÃO!R44,'LEV R&D'!$A:$A,0))-INDEX('PROJETO PERFURAÇÃO'!$AH:$AH,MATCH(MEDIÇÃO!R44,'PROJETO PERFURAÇÃO'!$B:$B,0)),"") | T44: =IFERROR(INDEX('PROJETO PERFURAÇÃO'!$AN:$AN,MATCH(MEDIÇÃO!R44,'PROJETO PERFURAÇÃO'!$B:$B,0)),"") -> 0
B45: =IFERROR(ROUND(INDEX('PROJETO PERFURAÇÃO'!$AB:$AB,MATCH(MEDIÇÃO!D45,'PROJETO PERFURAÇÃO'!$B:$B,0)),1)&"''","") -> 5'' | C45: =IFERROR(IF(INDEX('PROJETO PERFURAÇÃO'!$P:$P,MATCH(MEDIÇÃO!D45,'PROJETO PERFURAÇÃO'!$B:$B,0))="Production","P",IF(INDEX('PROJETO PERFURAÇÃO'!$P:$P,MATCH(MEDIÇÃO!D45,'PROJETO PERFURAÇÃO'!$B:$B,0))="Buffer","B",IF(INDEX('PROJETO PERFURAÇÃO'!$P:$P,MATCH(MEDIÇÃO!D45,'PROJETO PERFURAÇÃO'!$B:$B,0))="Pre-Splitting","S"))),"") -> S | D45: =D44+1 -> 79 | E45: =IFERROR(INDEX('LEV R&D'!$D:$D,MATCH(MEDIÇÃO!D45,'LEV R&D'!$A:$A,0))-INDEX('PROJETO PERFURAÇÃO'!$AH:$AH,MATCH(MEDIÇÃO!D45,'PROJETO PERFURAÇÃO'!$B:$B,0)),"") | F45: =IFERROR(INDEX('PROJETO PERFURAÇÃO'!$AN:$AN,MATCH(MEDIÇÃO!D45,'PROJETO PERFURAÇÃO'!$B:$B,0)),"") -> 15.02 | I45: =IFERROR(ROUND(INDEX('PROJETO PERFURAÇÃO'!$AB:$AB,MATCH(MEDIÇÃO!K45,'PROJETO PERFURAÇÃO'!$B:$B,0)),1)&"''","") -> 5'' | J45: =IFERROR(IF(INDEX('PROJETO PERFURAÇÃO'!$P:$P,MATCH(MEDIÇÃO!K45,'PROJETO PERFURAÇÃO'!$B:$B,0))="Production","P",IF(INDEX('PROJETO PERFURAÇÃO'!$P:$P,MATCH(MEDIÇÃO!K45,'PROJETO PERFURAÇÃO'!$B:$B,0))="Buffer","B",IF(INDEX('PROJETO PERFURAÇÃO'!$P:$P,MATCH(MEDIÇÃO!K45,'PROJETO PERFURAÇÃO'!$B:$B,0))="Pre-Splitting","S"))),"") -> S | K45: =K44+1 -> 102 | L45: =IFERROR(INDEX('LEV R&D'!$D:$D,MATCH(MEDIÇÃO!K45,'LEV R&D'!$A:$A,0))-INDEX('PROJETO PERFURAÇÃO'!$AH:$AH,MATCH(MEDIÇÃO!K45,'PROJETO PERFURAÇÃO'!$B:$B,0)),"") | M45: =IFERROR(INDEX('PROJETO PERFURAÇÃO'!$AN:$AN,MATCH(MEDIÇÃO!K45,'PROJETO PERFURAÇÃO'!$B:$B,0)),"") -> 16.08 | P45: =IFERROR(ROUND(INDEX('PROJETO PERFURAÇÃO'!$AB:$AB,MATCH(MEDIÇÃO!R45,'PROJETO PERFURAÇÃO'!$B:$B,0)),1)&"''","") -> 5'' | Q45: =IFERROR(IF(INDEX('PROJETO PERFURAÇÃO'!$P:$P,MATCH(MEDIÇÃO!R45,'PROJETO PERFURAÇÃO'!$B:$B,0))="Production","P",IF(INDEX('PROJETO PERFURAÇÃO'!$P:$P,MATCH(MEDIÇÃO!R45,'PROJETO PERFURAÇÃO'!$B:$B,0))="Buffer","B",IF(INDEX('PROJETO PERFURAÇÃO'!$P:$P,MATCH(MEDIÇÃO!R45,'PROJETO PERFURAÇÃO'!$B:$B,0))="Pre-Splitting","S"))),"") -> P | R45: =R44+1 -> 125 | S45: =IFERROR(INDEX('LEV R&D'!$D:$D,MATCH(MEDIÇÃO!R45,'LEV R&D'!$A:$A,0))-INDEX('PROJETO PERFURAÇÃO'!$AH:$AH,MATCH(MEDIÇÃO!R45,'PROJETO PERFURAÇÃO'!$B:$B,0)),"") | T45: =IFERROR(INDEX('PROJETO PERFURAÇÃO'!$AN:$AN,MATCH(MEDIÇÃO!R45,'PROJETO PERFURAÇÃO'!$B:$B,0)),"") -> 0
B46: =IFERROR(ROUND(INDEX('PROJETO PERFURAÇÃO'!$AB:$AB,MATCH(MEDIÇÃO!D46,'PROJETO PERFURAÇÃO'!$B:$B,0)),1)&"''","") -> 5'' | C46: =IFERROR(IF(INDEX('PROJETO PERFURAÇÃO'!$P:$P,MATCH(MEDIÇÃO!D46,'PROJETO PERFURAÇÃO'!$B:$B,0))="Production","P",IF(INDEX('PROJETO PERFURAÇÃO'!$P:$P,MATCH(MEDIÇÃO!D46,'PROJETO PERFURAÇÃO'!$B:$B,0))="Buffer","B",IF(INDEX('PROJETO PERFURAÇÃO'!$P:$P,MATCH(MEDIÇÃO!D46,'PROJETO PERFURAÇÃO'!$B:$B,0))="Pre-Splitting","S"))),"") -> S | D46: =D45+1 -> 80 | E46: =IFERROR(INDEX('LEV R&D'!$D:$D,MATCH(MEDIÇÃO!D46,'LEV R&D'!$A:$A,0))-INDEX('PROJETO PERFURAÇÃO'!$AH:$AH,MATCH(MEDIÇÃO!D46,'PROJETO PERFURAÇÃO'!$B:$B,0)),"") | F46: =IFERROR(INDEX('PROJETO PERFURAÇÃO'!$AN:$AN,MATCH(MEDIÇÃO!D46,'PROJETO PERFURAÇÃO'!$B:$B,0)),"") -> 15.03 | I46: =IFERROR(ROUND(INDEX('PROJETO PERFURAÇÃO'!$AB:$AB,MATCH(MEDIÇÃO!K46,'PROJETO PERFURAÇÃO'!$B:$B,0)),1)&"''","") -> 5'' | J46: =IFERROR(IF(INDEX('PROJETO PERFURAÇÃO'!$P:$P,MATCH(MEDIÇÃO!K46,'PROJETO PERFURAÇÃO'!$B:$B,0))="Production","P",IF(INDEX('PROJETO PERFURAÇÃO'!$P:$P,MATCH(MEDIÇÃO!K46,'PROJETO PERFURAÇÃO'!$B:$B,0))="Buffer","B",IF(INDEX('PROJETO PERFURAÇÃO'!$P:$P,MATCH(MEDIÇÃO!K46,'PROJETO PERFURAÇÃO'!$B:$B,0))="Pre-Splitting","S"))),"") -> S | K46: =K45+1 -> 103 | L46: =IFERROR(INDEX('LEV R&D'!$D:$D,MATCH(MEDIÇÃO!K46,'LEV R&D'!$A:$A,0))-INDEX('PROJETO PERFURAÇÃO'!$AH:$AH,MATCH(MEDIÇÃO!K46,'PROJETO PERFURAÇÃO'!$B:$B,0)),"") | M46: =IFERROR(INDEX('PROJETO PERFURAÇÃO'!$AN:$AN,MATCH(MEDIÇÃO!K46,'PROJETO PERFURAÇÃO'!$B:$B,0)),"") -> 16.16 | P46: =IFERROR(ROUND(INDEX('PROJETO PERFURAÇÃO'!$AB:$AB,MATCH(MEDIÇÃO!R46,'PROJETO PERFURAÇÃO'!$B:$B,0)),1)&"''","") -> 5'' | Q46: =IFERROR(IF(INDEX('PROJETO PERFURAÇÃO'!$P:$P,MATCH(MEDIÇÃO!R46,'PROJETO PERFURAÇÃO'!$B:$B,0))="Production","P",IF(INDEX('PROJETO PERFURAÇÃO'!$P:$P,MATCH(MEDIÇÃO!R46,'PROJETO PERFURAÇÃO'!$B:$B,0))="Buffer","B",IF(INDEX('PROJETO PERFURAÇÃO'!$P:$P,MATCH(MEDIÇÃO!R46,'PROJETO PERFURAÇÃO'!$B:$B,0))="Pre-Splitting","S"))),"") -> P | R46: =R45+1 -> 126 | S46: =IFERROR(INDEX('LEV R&D'!$D:$D,MATCH(MEDIÇÃO!R46,'LEV R&D'!$A:$A,0))-INDEX('PROJETO PERFURAÇÃO'!$AH:$AH,MATCH(MEDIÇÃO!R46,'PROJETO PERFURAÇÃO'!$B:$B,0)),"") | T46: =IFERROR(INDEX('PROJETO PERFURAÇÃO'!$AN:$AN,MATCH(MEDIÇÃO!R46,'PROJETO PERFURAÇÃO'!$B:$B,0)),"") -> 0
B47: =IFERROR(ROUND(INDEX('PROJETO PERFURAÇÃO'!$AB:$AB,MATCH(MEDIÇÃO!D47,'PROJETO PERFURAÇÃO'!$B:$B,0)),1)&"''","") -> 5'' | C47: =IFERROR(IF(INDEX('PROJETO PERFURAÇÃO'!$P:$P,MATCH(MEDIÇÃO!D47,'PROJETO PERFURAÇÃO'!$B:$B,0))="Production","P",IF(INDEX('PROJETO PERFURAÇÃO'!$P:$P,MATCH(MEDIÇÃO!D47,'PROJETO PERFURAÇÃO'!$B:$B,0))="Buffer","B",IF(INDEX('PROJETO PERFURAÇÃO'!$P:$P,MATCH(MEDIÇÃO!D47,'PROJETO PERFURAÇÃO'!$B:$B,0))="Pre-Splitting","S"))),"") -> S | D47: =D46+1 -> 81 | E47: =IFERROR(INDEX('LEV R&D'!$D:$D,MATCH(MEDIÇÃO!D47,'LEV R&D'!$A:$A,0))-INDEX('PROJETO PERFURAÇÃO'!$AH:$AH,MATCH(MEDIÇÃO!D47,'PROJETO PERFURAÇÃO'!$B:$B,0)),"") | F47: =IFERROR(INDEX('PROJETO PERFURAÇÃO'!$AN:$AN,MATCH(MEDIÇÃO!D47,'PROJETO PERFURAÇÃO'!$B:$B,0)),"") -> 15.1 | I47: =IFERROR(ROUND(INDEX('PROJETO PERFURAÇÃO'!$AB:$AB,MATCH(MEDIÇÃO!K47,'PROJETO PERFURAÇÃO'!$B:$B,0)),1)&"''","") -> 5'' | J47: =IFERROR(IF(INDEX('PROJETO PERFURAÇÃO'!$P:$P,MATCH(MEDIÇÃO!K47,'PROJETO PERFURAÇÃO'!$B:$B,0))="Production","P",IF(INDEX('PROJETO PERFURAÇÃO'!$P:$P,MATCH(MEDIÇÃO!K47,'PROJETO PERFURAÇÃO'!$B:$B,0))="Buffer","B",IF(INDEX('PROJETO PERFURAÇÃO'!$P:$P,MATCH(MEDIÇÃO!K47,'PROJETO PERFURAÇÃO'!$B:$B,0))="Pre-Splitting","S"))),"") -> S | K47: =K46+1 -> 104 | L47: =IFERROR(INDEX('LEV R&D'!$D:$D,MATCH(MEDIÇÃO!K47,'LEV R&D'!$A:$A,0))-INDEX('PROJETO PERFURAÇÃO'!$AH:$AH,MATCH(MEDIÇÃO!K47,'PROJETO PERFURAÇÃO'!$B:$B,0)),"") | M47: =IFERROR(INDEX('PROJETO PERFURAÇÃO'!$AN:$AN,MATCH(MEDIÇÃO!K47,'PROJETO PERFURAÇÃO'!$B:$B,0)),"") -> 16.32 | P47: =IFERROR(ROUND(INDEX('PROJETO PERFURAÇÃO'!$AB:$AB,MATCH(MEDIÇÃO!R47,'PROJETO PERFURAÇÃO'!$B:$B,0)),1)&"''","") -> 5'' | Q47: =IFERROR(IF(INDEX('PROJETO PERFURAÇÃO'!$P:$P,MATCH(MEDIÇÃO!R47,'PROJETO PERFURAÇÃO'!$B:$B,0))="Production","P",IF(INDEX('PROJETO PERFURAÇÃO'!$P:$P,MATCH(MEDIÇÃO!R47,'PROJETO PERFURAÇÃO'!$B:$B,0))="Buffer","B",IF(INDEX('PROJETO PERFURAÇÃO'!$P:$P,MATCH(MEDIÇÃO!R47,'PROJETO PERFURAÇÃO'!$B:$B,0))="Pre-Splitting","S"))),"") -> P | R47: =R46+1 -> 127 | S47: =IFERROR(INDEX('LEV R&D'!$D:$D,MATCH(MEDIÇÃO!R47,'LEV R&D'!$A:$A,0))-INDEX('PROJETO PERFURAÇÃO'!$AH:$AH,MATCH(MEDIÇÃO!R47,'PROJETO PERFURAÇÃO'!$B:$B,0)),"") | T47: =IFERROR(INDEX('PROJETO PERFURAÇÃO'!$AN:$AN,MATCH(MEDIÇÃO!R47,'PROJETO PERFURAÇÃO'!$B:$B,0)),"") -> 0
B48: =IFERROR(ROUND(INDEX('PROJETO PERFURAÇÃO'!$AB:$AB,MATCH(MEDIÇÃO!D48,'PROJETO PERFURAÇÃO'!$B:$B,0)),1)&"''","") -> 5'' | C48: =IFERROR(IF(INDEX('PROJETO PERFURAÇÃO'!$P:$P,MATCH(MEDIÇÃO!D48,'PROJETO PERFURAÇÃO'!$B:$B,0))="Production","P",IF(INDEX('PROJETO PERFURAÇÃO'!$P:$P,MATCH(MEDIÇÃO!D48,'PROJETO PERFURAÇÃO'!$B:$B,0))="Buffer","B",IF(INDEX('PROJETO PERFURAÇÃO'!$P:$P,MATCH(MEDIÇÃO!D48,'PROJETO PERFURAÇÃO'!$B:$B,0))="Pre-Splitting","S"))),"") -> S | D48: =D47+1 -> 82 | E48: =IFERROR(INDEX('LEV R&D'!$D:$D,MATCH(MEDIÇÃO!D48,'LEV R&D'!$A:$A,0))-INDEX('PROJETO PERFURAÇÃO'!$AH:$AH,MATCH(MEDIÇÃO!D48,'PROJETO PERFURAÇÃO'!$B:$B,0)),"") | F48: =IFERROR(INDEX('PROJETO PERFURAÇÃO'!$AN:$AN,MATCH(MEDIÇÃO!D48,'PROJETO PERFURAÇÃO'!$B:$B,0)),"") -> 15.04 | I48: =IFERROR(ROUND(INDEX('PROJETO PERFURAÇÃO'!$AB:$AB,MATCH(MEDIÇÃO!K48,'PROJETO PERFURAÇÃO'!$B:$B,0)),1)&"''","") -> 5'' | J48: =IFERROR(IF(INDEX('PROJETO PERFURAÇÃO'!$P:$P,MATCH(MEDIÇÃO!K48,'PROJETO PERFURAÇÃO'!$B:$B,0))="Production","P",IF(INDEX('PROJETO PERFURAÇÃO'!$P:$P,MATCH(MEDIÇÃO!K48,'PROJETO PERFURAÇÃO'!$B:$B,0))="Buffer","B",IF(INDEX('PROJETO PERFURAÇÃO'!$P:$P,MATCH(MEDIÇÃO!K48,'PROJETO PERFURAÇÃO'!$B:$B,0))="Pre-Splitting","S"))),"") -> S | K48: =K47+1 -> 105 | L48: =IFERROR(INDEX('LEV R&D'!$D:$D,MATCH(MEDIÇÃO!K48,'LEV R&D'!$A:$A,0))-INDEX('PROJETO PERFURAÇÃO'!$AH:$AH,MATCH(MEDIÇÃO!K48,'PROJETO PERFURAÇÃO'!$B:$B,0)),"") | M48: =IFERROR(INDEX('PROJETO PERFURAÇÃO'!$AN:$AN,MATCH(MEDIÇÃO!K48,'PROJETO PERFURAÇÃO'!$B:$B,0)),"") -> 16.4 | P48: =IFERROR(ROUND(INDEX('PROJETO PERFURAÇÃO'!$AB:$AB,MATCH(MEDIÇÃO!R48,'PROJETO PERFURAÇÃO'!$B:$B,0)),1)&"''","") -> 5'' | Q48: =IFERROR(IF(INDEX('PROJETO PERFURAÇÃO'!$P:$P,MATCH(MEDIÇÃO!R48,'PROJETO PERFURAÇÃO'!$B:$B,0))="Production","P",IF(INDEX('PROJETO PERFURAÇÃO'!$P:$P,MATCH(MEDIÇÃO!R48,'PROJETO PERFURAÇÃO'!$B:$B,0))="Buffer","B",IF(INDEX('PROJETO PERFURAÇÃO'!$P:$P,MATCH(MEDIÇÃO!R48,'PROJETO PERFURAÇÃO'!$B:$B,0))="Pre-Splitting","S"))),"") -> P | R48: =R47+1 -> 128 | S48: =IFERROR(INDEX('LEV R&D'!$D:$D,MATCH(MEDIÇÃO!R48,'LEV R&D'!$A:$A,0))-INDEX('PROJETO PERFURAÇÃO'!$AH:$AH,MATCH(MEDIÇÃO!R48,'PROJETO PERFURAÇÃO'!$B:$B,0)),"") | T48: =IFERROR(INDEX('PROJETO PERFURAÇÃO'!$AN:$AN,MATCH(MEDIÇÃO!R48,'PROJETO PERFURAÇÃO'!$B:$B,0)),"") -> 0
... B58: =IFERROR(ROUND(INDEX('PROJETO PERFURAÇÃO'!$AB:$AB,MATCH(MEDIÇÃO!D58,'PROJETO PERFURAÇÃO'!$B:$B,0)),1)&"''","") -> 5'' | C58: =IFERROR(IF(INDEX('PROJETO PERFURAÇÃO'!$P:$P,MATCH(MEDIÇÃO!D58,'PROJETO PERFURAÇÃO'!$B:$B,0))="Production","P",IF(INDEX('PROJETO PERFURAÇÃO'!$P:$P,MATCH(MEDIÇÃO!D58,'PROJETO PERFURAÇÃO'!$B:$B,0))="Buffer","B",IF(INDEX('PROJETO PERFURAÇÃO'!$P:$P,MATCH(MEDIÇÃO!D58,'PROJETO PERFURAÇÃO'!$B:$B,0))="Pre-Splitting","S"))),"") -> S | D58: =D57+1 -> 92 | E58: =IFERROR(INDEX('LEV R&D'!$D:$D,MATCH(MEDIÇÃO!D58,'LEV R&D'!$A:$A,0))-INDEX('PROJETO PERFURAÇÃO'!$AH:$AH,MATCH(MEDIÇÃO!D58,'PROJETO PERFURAÇÃO'!$B:$B,0)),"") | F58: =IFERROR(INDEX('PROJETO PERFURAÇÃO'!$AN:$AN,MATCH(MEDIÇÃO!D58,'PROJETO PERFURAÇÃO'!$B:$B,0)),"") -> 15.24 | I58: =IFERROR(ROUND(INDEX('PROJETO PERFURAÇÃO'!$AB:$AB,MATCH(MEDIÇÃO!K58,'PROJETO PERFURAÇÃO'!$B:$B,0)),1)&"''","") -> 5'' | J58: =IFERROR(IF(INDEX('PROJETO PERFURAÇÃO'!$P:$P,MATCH(MEDIÇÃO!K58,'PROJETO PERFURAÇÃO'!$B:$B,0))="Production","P",IF(INDEX('PROJETO PERFURAÇÃO'!$P:$P,MATCH(MEDIÇÃO!K58,'PROJETO PERFURAÇÃO'!$B:$B,0))="Buffer","B",IF(INDEX('PROJETO PERFURAÇÃO'!$P:$P,MATCH(MEDIÇÃO!K58,'PROJETO PERFURAÇÃO'!$B:$B,0))="Pre-Splitting","S"))),"") -> S | K58: =K57+1 -> 115 | L58: =IFERROR(INDEX('LEV R&D'!$D:$D,MATCH(MEDIÇÃO!K58,'LEV R&D'!$A:$A,0))-INDEX('PROJETO PERFURAÇÃO'!$AH:$AH,MATCH(MEDIÇÃO!K58,'PROJETO PERFURAÇÃO'!$B:$B,0)),"") | M58: =IFERROR(INDEX('PROJETO PERFURAÇÃO'!$AN:$AN,MATCH(MEDIÇÃO!K58,'PROJETO PERFURAÇÃO'!$B:$B,0)),"") -> 17.42 | P58: =IFERROR(ROUND(INDEX('PROJETO PERFURAÇÃO'!$AB:$AB,MATCH(MEDIÇÃO!R58,'PROJETO PERFURAÇÃO'!$B:$B,0)),1)&"''","") -> 5'' | Q58: =IFERROR(IF(INDEX('PROJETO PERFURAÇÃO'!$P:$P,MATCH(MEDIÇÃO!R58,'PROJETO PERFURAÇÃO'!$B:$B,0))="Production","P",IF(INDEX('PROJETO PERFURAÇÃO'!$P:$P,MATCH(MEDIÇÃO!R58,'PROJETO PERFURAÇÃO'!$B:$B,0))="Buffer","B",IF(INDEX('PROJETO PERFURAÇÃO'!$P:$P,MATCH(MEDIÇÃO!R58,'PROJETO PERFURAÇÃO'!$B:$B,0))="Pre-Splitting","S"))),"") -> P | R58: =R57+1 -> 138 | S58: =IFERROR(INDEX('LEV R&D'!$D:$D,MATCH(MEDIÇÃO!R58,'LEV R&D'!$A:$A,0))-INDEX('PROJETO PERFURAÇÃO'!$AH:$AH,MATCH(MEDIÇÃO!R58,'PROJETO PERFURAÇÃO'!$B:$B,0)),"") | T58: =IFERROR(INDEX('PROJETO PERFURAÇÃO'!$AN:$AN,MATCH(MEDIÇÃO!R58,'PROJETO PERFURAÇÃO'!$B:$B,0)),"") -> 0
C61: Responsável | M61: Responsável
B63: ='PROJETO PERFURAÇÃO'!$C$2&" - "&'PROJETO PERFURAÇÃO'!$H$2 -> LIB065 - PP0651026 | I63: P | J63: =Produção
I64: B | J64: =Buffer
I65: S | J65: =Pré Corte
B66: Ø | C66: Type | D66: ID | E66: Obj | F66: Inc | G66: Perf | H66: Rep | I66: Ø | J66: Type | K66: ID | L66: Obj | M66: Inc | N66: Perf | O66: Rep | P66: Ø | Q66: Type | R66: ID | S66: Obj | T66: Inc | U66: Perf | V66: Rep
B67: =IFERROR(ROUND(INDEX('PROJETO PERFURAÇÃO'!$AB:$AB,MATCH(MEDIÇÃO!D67,'PROJETO PERFURAÇÃO'!$B:$B,0)),1)&"''","") -> 5'' | C67: =IFERROR(IF(INDEX('PROJETO PERFURAÇÃO'!$P:$P,MATCH(MEDIÇÃO!D67,'PROJETO PERFURAÇÃO'!$B:$B,0))="Production","P",IF(INDEX('PROJETO PERFURAÇÃO'!$P:$P,MATCH(MEDIÇÃO!D67,'PROJETO PERFURAÇÃO'!$B:$B,0))="Buffer","B",IF(INDEX('PROJETO PERFURAÇÃO'!$P:$P,MATCH(MEDIÇÃO!D67,'PROJETO PERFURAÇÃO'!$B:$B,0))="Pre-Splitting","S"))),"") -> P | D67: =R58+1 -> 139 | E67: =IFERROR(INDEX('LEV R&D'!$D:$D,MATCH(MEDIÇÃO!D67,'LEV R&D'!$A:$A,0))-INDEX('PROJETO PERFURAÇÃO'!$AH:$AH,MATCH(MEDIÇÃO!D67,'PROJETO PERFURAÇÃO'!$B:$B,0)),"") | F67: =IFERROR(INDEX('PROJETO PERFURAÇÃO'!$AN:$AN,MATCH(MEDIÇÃO!D67,'PROJETO PERFURAÇÃO'!$B:$B,0)),"") -> 0 | I67: =IFERROR(ROUND(INDEX('PROJETO PERFURAÇÃO'!$AB:$AB,MATCH(MEDIÇÃO!K67,'PROJETO PERFURAÇÃO'!$B:$B,0)),1)&"''","") -> 5'' | J67: =IFERROR(IF(INDEX('PROJETO PERFURAÇÃO'!$P:$P,MATCH(MEDIÇÃO!K67,'PROJETO PERFURAÇÃO'!$B:$B,0))="Production","P",IF(INDEX('PROJETO PERFURAÇÃO'!$P:$P,MATCH(MEDIÇÃO!K67,'PROJETO PERFURAÇÃO'!$B:$B,0))="Buffer","B",IF(INDEX('PROJETO PERFURAÇÃO'!$P:$P,MATCH(MEDIÇÃO!K67,'PROJETO PERFURAÇÃO'!$B:$B,0))="Pre-Splitting","S"))),"") -> P | K67: =D89+1 -> 162 | L67: =IFERROR(INDEX('LEV R&D'!$D:$D,MATCH(MEDIÇÃO!K67,'LEV R&D'!$A:$A,0))-INDEX('PROJETO PERFURAÇÃO'!$AH:$AH,MATCH(MEDIÇÃO!K67,'PROJETO PERFURAÇÃO'!$B:$B,0)),"") | M67: =IFERROR(INDEX('PROJETO PERFURAÇÃO'!$AN:$AN,MATCH(MEDIÇÃO!K67,'PROJETO PERFURAÇÃO'!$B:$B,0)),"") -> 0 | P67: =IFERROR(ROUND(INDEX('PROJETO PERFURAÇÃO'!$AB:$AB,MATCH(MEDIÇÃO!R67,'PROJETO PERFURAÇÃO'!$B:$B,0)),1)&"''","") -> 5'' | Q67: =IFERROR(IF(INDEX('PROJETO PERFURAÇÃO'!$P:$P,MATCH(MEDIÇÃO!R67,'PROJETO PERFURAÇÃO'!$B:$B,0))="Production","P",IF(INDEX('PROJETO PERFURAÇÃO'!$P:$P,MATCH(MEDIÇÃO!R67,'PROJETO PERFURAÇÃO'!$B:$B,0))="Buffer","B",IF(INDEX('PROJETO PERFURAÇÃO'!$P:$P,MATCH(MEDIÇÃO!R67,'PROJETO PERFURAÇÃO'!$B:$B,0))="Pre-Splitting","S"))),"") -> P | R67: =K89+1 -> 185 | S67: =IFERROR(INDEX('LEV R&D'!$D:$D,MATCH(MEDIÇÃO!R67,'LEV R&D'!$A:$A,0))-INDEX('PROJETO PERFURAÇÃO'!$AH:$AH,MATCH(MEDIÇÃO!R67,'PROJETO PERFURAÇÃO'!$B:$B,0)),"") | T67: =IFERROR(INDEX('PROJETO PERFURAÇÃO'!$AN:$AN,MATCH(MEDIÇÃO!R67,'PROJETO PERFURAÇÃO'!$B:$B,0)),"") -> 0
B68: =IFERROR(ROUND(INDEX('PROJETO PERFURAÇÃO'!$AB:$AB,MATCH(MEDIÇÃO!D68,'PROJETO PERFURAÇÃO'!$B:$B,0)),1)&"''","") -> 5'' | C68: =IFERROR(IF(INDEX('PROJETO PERFURAÇÃO'!$P:$P,MATCH(MEDIÇÃO!D68,'PROJETO PERFURAÇÃO'!$B:$B,0))="Production","P",IF(INDEX('PROJETO PERFURAÇÃO'!$P:$P,MATCH(MEDIÇÃO!D68,'PROJETO PERFURAÇÃO'!$B:$B,0))="Buffer","B",IF(INDEX('PROJETO PERFURAÇÃO'!$P:$P,MATCH(MEDIÇÃO!D68,'PROJETO PERFURAÇÃO'!$B:$B,0))="Pre-Splitting","S"))),"") -> P | D68: =D67+1 -> 140 | E68: =IFERROR(INDEX('LEV R&D'!$D:$D,MATCH(MEDIÇÃO!D68,'LEV R&D'!$A:$A,0))-INDEX('PROJETO PERFURAÇÃO'!$AH:$AH,MATCH(MEDIÇÃO!D68,'PROJETO PERFURAÇÃO'!$B:$B,0)),"") | F68: =IFERROR(INDEX('PROJETO PERFURAÇÃO'!$AN:$AN,MATCH(MEDIÇÃO!D68,'PROJETO PERFURAÇÃO'!$B:$B,0)),"") -> 0 | I68: =IFERROR(ROUND(INDEX('PROJETO PERFURAÇÃO'!$AB:$AB,MATCH(MEDIÇÃO!K68,'PROJETO PERFURAÇÃO'!$B:$B,0)),1)&"''","") -> 5'' | J68: =IFERROR(IF(INDEX('PROJETO PERFURAÇÃO'!$P:$P,MATCH(MEDIÇÃO!K68,'PROJETO PERFURAÇÃO'!$B:$B,0))="Production","P",IF(INDEX('PROJETO PERFURAÇÃO'!$P:$P,MATCH(MEDIÇÃO!K68,'PROJETO PERFURAÇÃO'!$B:$B,0))="Buffer","B",IF(INDEX('PROJETO PERFURAÇÃO'!$P:$P,MATCH(MEDIÇÃO!K68,'PROJETO PERFURAÇÃO'!$B:$B,0))="Pre-Splitting","S"))),"") -> P | K68: =K67+1 -> 163 | L68: =IFERROR(INDEX('LEV R&D'!$D:$D,MATCH(MEDIÇÃO!K68,'LEV R&D'!$A:$A,0))-INDEX('PROJETO PERFURAÇÃO'!$AH:$AH,MATCH(MEDIÇÃO!K68,'PROJETO PERFURAÇÃO'!$B:$B,0)),"") | M68: =IFERROR(INDEX('PROJETO PERFURAÇÃO'!$AN:$AN,MATCH(MEDIÇÃO!K68,'PROJETO PERFURAÇÃO'!$B:$B,0)),"") -> 0 | P68: =IFERROR(ROUND(INDEX('PROJETO PERFURAÇÃO'!$AB:$AB,MATCH(MEDIÇÃO!R68,'PROJETO PERFURAÇÃO'!$B:$B,0)),1)&"''","") -> 5'' | Q68: =IFERROR(IF(INDEX('PROJETO PERFURAÇÃO'!$P:$P,MATCH(MEDIÇÃO!R68,'PROJETO PERFURAÇÃO'!$B:$B,0))="Production","P",IF(INDEX('PROJETO PERFURAÇÃO'!$P:$P,MATCH(MEDIÇÃO!R68,'PROJETO PERFURAÇÃO'!$B:$B,0))="Buffer","B",IF(INDEX('PROJETO PERFURAÇÃO'!$P:$P,MATCH(MEDIÇÃO!R68,'PROJETO PERFURAÇÃO'!$B:$B,0))="Pre-Splitting","S"))),"") -> P | R68: =R67+1 -> 186 | S68: =IFERROR(INDEX('LEV R&D'!$D:$D,MATCH(MEDIÇÃO!R68,'LEV R&D'!$A:$A,0))-INDEX('PROJETO PERFURAÇÃO'!$AH:$AH,MATCH(MEDIÇÃO!R68,'PROJETO PERFURAÇÃO'!$B:$B,0)),"") | T68: =IFERROR(INDEX('PROJETO PERFURAÇÃO'!$AN:$AN,MATCH(MEDIÇÃO!R68,'PROJETO PERFURAÇÃO'!$B:$B,0)),"") -> 0
B69: =IFERROR(ROUND(INDEX('PROJETO PERFURAÇÃO'!$AB:$AB,MATCH(MEDIÇÃO!D69,'PROJETO PERFURAÇÃO'!$B:$B,0)),1)&"''","") -> 5'' | C69: =IFERROR(IF(INDEX('PROJETO PERFURAÇÃO'!$P:$P,MATCH(MEDIÇÃO!D69,'PROJETO PERFURAÇÃO'!$B:$B,0))="Production","P",IF(INDEX('PROJETO PERFURAÇÃO'!$P:$P,MATCH(MEDIÇÃO!D69,'PROJETO PERFURAÇÃO'!$B:$B,0))="Buffer","B",IF(INDEX('PROJETO PERFURAÇÃO'!$P:$P,MATCH(MEDIÇÃO!D69,'PROJETO PERFURAÇÃO'!$B:$B,0))="Pre-Splitting","S"))),"") -> P | D69: =D68+1 -> 141 | E69: =IFERROR(INDEX('LEV R&D'!$D:$D,MATCH(MEDIÇÃO!D69,'LEV R&D'!$A:$A,0))-INDEX('PROJETO PERFURAÇÃO'!$AH:$AH,MATCH(MEDIÇÃO!D69,'PROJETO PERFURAÇÃO'!$B:$B,0)),"") | F69: =IFERROR(INDEX('PROJETO PERFURAÇÃO'!$AN:$AN,MATCH(MEDIÇÃO!D69,'PROJETO PERFURAÇÃO'!$B:$B,0)),"") -> 0 | I69: =IFERROR(ROUND(INDEX('PROJETO PERFURAÇÃO'!$AB:$AB,MATCH(MEDIÇÃO!K69,'PROJETO PERFURAÇÃO'!$B:$B,0)),1)&"''","") -> 5'' | J69: =IFERROR(IF(INDEX('PROJETO PERFURAÇÃO'!$P:$P,MATCH(MEDIÇÃO!K69,'PROJETO PERFURAÇÃO'!$B:$B,0))="Production","P",IF(INDEX('PROJETO PERFURAÇÃO'!$P:$P,MATCH(MEDIÇÃO!K69,'PROJETO PERFURAÇÃO'!$B:$B,0))="Buffer","B",IF(INDEX('PROJETO PERFURAÇÃO'!$P:$P,MATCH(MEDIÇÃO!K69,'PROJETO PERFURAÇÃO'!$B:$B,0))="Pre-Splitting","S"))),"") -> P | K69: =K68+1 -> 164 | L69: =IFERROR(INDEX('LEV R&D'!$D:$D,MATCH(MEDIÇÃO!K69,'LEV R&D'!$A:$A,0))-INDEX('PROJETO PERFURAÇÃO'!$AH:$AH,MATCH(MEDIÇÃO!K69,'PROJETO PERFURAÇÃO'!$B:$B,0)),"") | M69: =IFERROR(INDEX('PROJETO PERFURAÇÃO'!$AN:$AN,MATCH(MEDIÇÃO!K69,'PROJETO PERFURAÇÃO'!$B:$B,0)),"") -> 0 | P69: =IFERROR(ROUND(INDEX('PROJETO PERFURAÇÃO'!$AB:$AB,MATCH(MEDIÇÃO!R69,'PROJETO PERFURAÇÃO'!$B:$B,0)),1)&"''","") -> 5'' | Q69: =IFERROR(IF(INDEX('PROJETO PERFURAÇÃO'!$P:$P,MATCH(MEDIÇÃO!R69,'PROJETO PERFURAÇÃO'!$B:$B,0))="Production","P",IF(INDEX('PROJETO PERFURAÇÃO'!$P:$P,MATCH(MEDIÇÃO!R69,'PROJETO PERFURAÇÃO'!$B:$B,0))="Buffer","B",IF(INDEX('PROJETO PERFURAÇÃO'!$P:$P,MATCH(MEDIÇÃO!R69,'PROJETO PERFURAÇÃO'!$B:$B,0))="Pre-Splitting","S"))),"") -> P | R69: =R68+1 -> 187 | S69: =IFERROR(INDEX('LEV R&D'!$D:$D,MATCH(MEDIÇÃO!R69,'LEV R&D'!$A:$A,0))-INDEX('PROJETO PERFURAÇÃO'!$AH:$AH,MATCH(MEDIÇÃO!R69,'PROJETO PERFURAÇÃO'!$B:$B,0)),"") | T69: =IFERROR(INDEX('PROJETO PERFURAÇÃO'!$AN:$AN,MATCH(MEDIÇÃO!R69,'PROJETO PERFURAÇÃO'!$B:$B,0)),"") -> 0
B70: =IFERROR(ROUND(INDEX('PROJETO PERFURAÇÃO'!$AB:$AB,MATCH(MEDIÇÃO!D70,'PROJETO PERFURAÇÃO'!$B:$B,0)),1)&"''","") -> 5'' | C70: =IFERROR(IF(INDEX('PROJETO PERFURAÇÃO'!$P:$P,MATCH(MEDIÇÃO!D70,'PROJETO PERFURAÇÃO'!$B:$B,0))="Production","P",IF(INDEX('PROJETO PERFURAÇÃO'!$P:$P,MATCH(MEDIÇÃO!D70,'PROJETO PERFURAÇÃO'!$B:$B,0))="Buffer","B",IF(INDEX('PROJETO PERFURAÇÃO'!$P:$P,MATCH(MEDIÇÃO!D70,'PROJETO PERFURAÇÃO'!$B:$B,0))="Pre-Splitting","S"))),"") -> P | D70: =D69+1 -> 142 | E70: =IFERROR(INDEX('LEV R&D'!$D:$D,MATCH(MEDIÇÃO!D70,'LEV R&D'!$A:$A,0))-INDEX('PROJETO PERFURAÇÃO'!$AH:$AH,MATCH(MEDIÇÃO!D70,'PROJETO PERFURAÇÃO'!$B:$B,0)),"") | F70: =IFERROR(INDEX('PROJETO PERFURAÇÃO'!$AN:$AN,MATCH(MEDIÇÃO!D70,'PROJETO PERFURAÇÃO'!$B:$B,0)),"") -> 0 | I70: =IFERROR(ROUND(INDEX('PROJETO PERFURAÇÃO'!$AB:$AB,MATCH(MEDIÇÃO!K70,'PROJETO PERFURAÇÃO'!$B:$B,0)),1)&"''","") -> 5'' | J70: =IFERROR(IF(INDEX('PROJETO PERFURAÇÃO'!$P:$P,MATCH(MEDIÇÃO!K70,'PROJETO PERFURAÇÃO'!$B:$B,0))="Production","P",IF(INDEX('PROJETO PERFURAÇÃO'!$P:$P,MATCH(MEDIÇÃO!K70,'PROJETO PERFURAÇÃO'!$B:$B,0))="Buffer","B",IF(INDEX('PROJETO PERFURAÇÃO'!$P:$P,MATCH(MEDIÇÃO!K70,'PROJETO PERFURAÇÃO'!$B:$B,0))="Pre-Splitting","S"))),"") -> P | K70: =K69+1 -> 165 | L70: =IFERROR(INDEX('LEV R&D'!$D:$D,MATCH(MEDIÇÃO!K70,'LEV R&D'!$A:$A,0))-INDEX('PROJETO PERFURAÇÃO'!$AH:$AH,MATCH(MEDIÇÃO!K70,'PROJETO PERFURAÇÃO'!$B:$B,0)),"") | M70: =IFERROR(INDEX('PROJETO PERFURAÇÃO'!$AN:$AN,MATCH(MEDIÇÃO!K70,'PROJETO PERFURAÇÃO'!$B:$B,0)),"") -> 0 | P70: =IFERROR(ROUND(INDEX('PROJETO PERFURAÇÃO'!$AB:$AB,MATCH(MEDIÇÃO!R70,'PROJETO PERFURAÇÃO'!$B:$B,0)),1)&"''","") -> 5'' | Q70: =IFERROR(IF(INDEX('PROJETO PERFURAÇÃO'!$P:$P,MATCH(MEDIÇÃO!R70,'PROJETO PERFURAÇÃO'!$B:$B,0))="Production","P",IF(INDEX('PROJETO PERFURAÇÃO'!$P:$P,MATCH(MEDIÇÃO!R70,'PROJETO PERFURAÇÃO'!$B:$B,0))="Buffer","B",IF(INDEX('PROJETO PERFURAÇÃO'!$P:$P,MATCH(MEDIÇÃO!R70,'PROJETO PERFURAÇÃO'!$B:$B,0))="Pre-Splitting","S"))),"") -> P | R70: =R69+1 -> 188 | S70: =IFERROR(INDEX('LEV R&D'!$D:$D,MATCH(MEDIÇÃO!R70,'LEV R&D'!$A:$A,0))-INDEX('PROJETO PERFURAÇÃO'!$AH:$AH,MATCH(MEDIÇÃO!R70,'PROJETO PERFURAÇÃO'!$B:$B,0)),"") | T70: =IFERROR(INDEX('PROJETO PERFURAÇÃO'!$AN:$AN,MATCH(MEDIÇÃO!R70,'PROJETO PERFURAÇÃO'!$B:$B,0)),"") -> 0
B71: =IFERROR(ROUND(INDEX('PROJETO PERFURAÇÃO'!$AB:$AB,MATCH(MEDIÇÃO!D71,'PROJETO PERFURAÇÃO'!$B:$B,0)),1)&"''","") -> 5'' | C71: =IFERROR(IF(INDEX('PROJETO PERFURAÇÃO'!$P:$P,MATCH(MEDIÇÃO!D71,'PROJETO PERFURAÇÃO'!$B:$B,0))="Production","P",IF(INDEX('PROJETO PERFURAÇÃO'!$P:$P,MATCH(MEDIÇÃO!D71,'PROJETO PERFURAÇÃO'!$B:$B,0))="Buffer","B",IF(INDEX('PROJETO PERFURAÇÃO'!$P:$P,MATCH(MEDIÇÃO!D71,'PROJETO PERFURAÇÃO'!$B:$B,0))="Pre-Splitting","S"))),"") -> P | D71: =D70+1 -> 143 | E71: =IFERROR(INDEX('LEV R&D'!$D:$D,MATCH(MEDIÇÃO!D71,'LEV R&D'!$A:$A,0))-INDEX('PROJETO PERFURAÇÃO'!$AH:$AH,MATCH(MEDIÇÃO!D71,'PROJETO PERFURAÇÃO'!$B:$B,0)),"") | F71: =IFERROR(INDEX('PROJETO PERFURAÇÃO'!$AN:$AN,MATCH(MEDIÇÃO!D71,'PROJETO PERFURAÇÃO'!$B:$B,0)),"") -> 0 | I71: =IFERROR(ROUND(INDEX('PROJETO PERFURAÇÃO'!$AB:$AB,MATCH(MEDIÇÃO!K71,'PROJETO PERFURAÇÃO'!$B:$B,0)),1)&"''","") -> 5'' | J71: =IFERROR(IF(INDEX('PROJETO PERFURAÇÃO'!$P:$P,MATCH(MEDIÇÃO!K71,'PROJETO PERFURAÇÃO'!$B:$B,0))="Production","P",IF(INDEX('PROJETO PERFURAÇÃO'!$P:$P,MATCH(MEDIÇÃO!K71,'PROJETO PERFURAÇÃO'!$B:$B,0))="Buffer","B",IF(INDEX('PROJETO PERFURAÇÃO'!$P:$P,MATCH(MEDIÇÃO!K71,'PROJETO PERFURAÇÃO'!$B:$B,0))="Pre-Splitting","S"))),"") -> P | K71: =K70+1 -> 166 | L71: =IFERROR(INDEX('LEV R&D'!$D:$D,MATCH(MEDIÇÃO!K71,'LEV R&D'!$A:$A,0))-INDEX('PROJETO PERFURAÇÃO'!$AH:$AH,MATCH(MEDIÇÃO!K71,'PROJETO PERFURAÇÃO'!$B:$B,0)),"") | M71: =IFERROR(INDEX('PROJETO PERFURAÇÃO'!$AN:$AN,MATCH(MEDIÇÃO!K71,'PROJETO PERFURAÇÃO'!$B:$B,0)),"") -> 0 | P71: =IFERROR(ROUND(INDEX('PROJETO PERFURAÇÃO'!$AB:$AB,MATCH(MEDIÇÃO!R71,'PROJETO PERFURAÇÃO'!$B:$B,0)),1)&"''","") -> 5'' | Q71: =IFERROR(IF(INDEX('PROJETO PERFURAÇÃO'!$P:$P,MATCH(MEDIÇÃO!R71,'PROJETO PERFURAÇÃO'!$B:$B,0))="Production","P",IF(INDEX('PROJETO PERFURAÇÃO'!$P:$P,MATCH(MEDIÇÃO!R71,'PROJETO PERFURAÇÃO'!$B:$B,0))="Buffer","B",IF(INDEX('PROJETO PERFURAÇÃO'!$P:$P,MATCH(MEDIÇÃO!R71,'PROJETO PERFURAÇÃO'!$B:$B,0))="Pre-Splitting","S"))),"") -> P | R71: =R70+1 -> 189 | S71: =IFERROR(INDEX('LEV R&D'!$D:$D,MATCH(MEDIÇÃO!R71,'LEV R&D'!$A:$A,0))-INDEX('PROJETO PERFURAÇÃO'!$AH:$AH,MATCH(MEDIÇÃO!R71,'PROJETO PERFURAÇÃO'!$B:$B,0)),"") | T71: =IFERROR(INDEX('PROJETO PERFURAÇÃO'!$AN:$AN,MATCH(MEDIÇÃO!R71,'PROJETO PERFURAÇÃO'!$B:$B,0)),"") -> 0
B72: =IFERROR(ROUND(INDEX('PROJETO PERFURAÇÃO'!$AB:$AB,MATCH(MEDIÇÃO!D72,'PROJETO PERFURAÇÃO'!$B:$B,0)),1)&"''","") -> 5'' | C72: =IFERROR(IF(INDEX('PROJETO PERFURAÇÃO'!$P:$P,MATCH(MEDIÇÃO!D72,'PROJETO PERFURAÇÃO'!$B:$B,0))="Production","P",IF(INDEX('PROJETO PERFURAÇÃO'!$P:$P,MATCH(MEDIÇÃO!D72,'PROJETO PERFURAÇÃO'!$B:$B,0))="Buffer","B",IF(INDEX('PROJETO PERFURAÇÃO'!$P:$P,MATCH(MEDIÇÃO!D72,'PROJETO PERFURAÇÃO'!$B:$B,0))="Pre-Splitting","S"))),"") -> P | D72: =D71+1 -> 144 | E72: =IFERROR(INDEX('LEV R&D'!$D:$D,MATCH(MEDIÇÃO!D72,'LEV R&D'!$A:$A,0))-INDEX('PROJETO PERFURAÇÃO'!$AH:$AH,MATCH(MEDIÇÃO!D72,'PROJETO PERFURAÇÃO'!$B:$B,0)),"") | F72: =IFERROR(INDEX('PROJETO PERFURAÇÃO'!$AN:$AN,MATCH(MEDIÇÃO!D72,'PROJETO PERFURAÇÃO'!$B:$B,0)),"") -> 0 | I72: =IFERROR(ROUND(INDEX('PROJETO PERFURAÇÃO'!$AB:$AB,MATCH(MEDIÇÃO!K72,'PROJETO PERFURAÇÃO'!$B:$B,0)),1)&"''","") -> 5'' | J72: =IFERROR(IF(INDEX('PROJETO PERFURAÇÃO'!$P:$P,MATCH(MEDIÇÃO!K72,'PROJETO PERFURAÇÃO'!$B:$B,0))="Production","P",IF(INDEX('PROJETO PERFURAÇÃO'!$P:$P,MATCH(MEDIÇÃO!K72,'PROJETO PERFURAÇÃO'!$B:$B,0))="Buffer","B",IF(INDEX('PROJETO PERFURAÇÃO'!$P:$P,MATCH(MEDIÇÃO!K72,'PROJETO PERFURAÇÃO'!$B:$B,0))="Pre-Splitting","S"))),"") -> P | K72: =K71+1 -> 167 | L72: =IFERROR(INDEX('LEV R&D'!$D:$D,MATCH(MEDIÇÃO!K72,'LEV R&D'!$A:$A,0))-INDEX('PROJETO PERFURAÇÃO'!$AH:$AH,MATCH(MEDIÇÃO!K72,'PROJETO PERFURAÇÃO'!$B:$B,0)),"") | M72: =IFERROR(INDEX('PROJETO PERFURAÇÃO'!$AN:$AN,MATCH(MEDIÇÃO!K72,'PROJETO PERFURAÇÃO'!$B:$B,0)),"") -> 0 | P72: =IFERROR(ROUND(INDEX('PROJETO PERFURAÇÃO'!$AB:$AB,MATCH(MEDIÇÃO!R72,'PROJETO PERFURAÇÃO'!$B:$B,0)),1)&"''","") -> 5'' | Q72: =IFERROR(IF(INDEX('PROJETO PERFURAÇÃO'!$P:$P,MATCH(MEDIÇÃO!R72,'PROJETO PERFURAÇÃO'!$B:$B,0))="Production","P",IF(INDEX('PROJETO PERFURAÇÃO'!$P:$P,MATCH(MEDIÇÃO!R72,'PROJETO PERFURAÇÃO'!$B:$B,0))="Buffer","B",IF(INDEX('PROJETO PERFURAÇÃO'!$P:$P,MATCH(MEDIÇÃO!R72,'PROJETO PERFURAÇÃO'!$B:$B,0))="Pre-Splitting","S"))),"") -> P | R72: =R71+1 -> 190 | S72: =IFERROR(INDEX('LEV R&D'!$D:$D,MATCH(MEDIÇÃO!R72,'LEV R&D'!$A:$A,0))-INDEX('PROJETO PERFURAÇÃO'!$AH:$AH,MATCH(MEDIÇÃO!R72,'PROJETO PERFURAÇÃO'!$B:$B,0)),"") | T72: =IFERROR(INDEX('PROJETO PERFURAÇÃO'!$AN:$AN,MATCH(MEDIÇÃO!R72,'PROJETO PERFURAÇÃO'!$B:$B,0)),"") -> 0
B73: =IFERROR(ROUND(INDEX('PROJETO PERFURAÇÃO'!$AB:$AB,MATCH(MEDIÇÃO!D73,'PROJETO PERFURAÇÃO'!$B:$B,0)),1)&"''","") -> 5'' | C73: =IFERROR(IF(INDEX('PROJETO PERFURAÇÃO'!$P:$P,MATCH(MEDIÇÃO!D73,'PROJETO PERFURAÇÃO'!$B:$B,0))="Production","P",IF(INDEX('PROJETO PERFURAÇÃO'!$P:$P,MATCH(MEDIÇÃO!D73,'PROJETO PERFURAÇÃO'!$B:$B,0))="Buffer","B",IF(INDEX('PROJETO PERFURAÇÃO'!$P:$P,MATCH(MEDIÇÃO!D73,'PROJETO PERFURAÇÃO'!$B:$B,0))="Pre-Splitting","S"))),"") -> P | D73: =D72+1 -> 145 | E73: =IFERROR(INDEX('LEV R&D'!$D:$D,MATCH(MEDIÇÃO!D73,'LEV R&D'!$A:$A,0))-INDEX('PROJETO PERFURAÇÃO'!$AH:$AH,MATCH(MEDIÇÃO!D73,'PROJETO PERFURAÇÃO'!$B:$B,0)),"") | F73: =IFERROR(INDEX('PROJETO PERFURAÇÃO'!$AN:$AN,MATCH(MEDIÇÃO!D73,'PROJETO PERFURAÇÃO'!$B:$B,0)),"") -> 0 | I73: =IFERROR(ROUND(INDEX('PROJETO PERFURAÇÃO'!$AB:$AB,MATCH(MEDIÇÃO!K73,'PROJETO PERFURAÇÃO'!$B:$B,0)),1)&"''","") -> 5'' | J73: =IFERROR(IF(INDEX('PROJETO PERFURAÇÃO'!$P:$P,MATCH(MEDIÇÃO!K73,'PROJETO PERFURAÇÃO'!$B:$B,0))="Production","P",IF(INDEX('PROJETO PERFURAÇÃO'!$P:$P,MATCH(MEDIÇÃO!K73,'PROJETO PERFURAÇÃO'!$B:$B,0))="Buffer","B",IF(INDEX('PROJETO PERFURAÇÃO'!$P:$P,MATCH(MEDIÇÃO!K73,'PROJETO PERFURAÇÃO'!$B:$B,0))="Pre-Splitting","S"))),"") -> P | K73: =K72+1 -> 168 | L73: =IFERROR(INDEX('LEV R&D'!$D:$D,MATCH(MEDIÇÃO!K73,'LEV R&D'!$A:$A,0))-INDEX('PROJETO PERFURAÇÃO'!$AH:$AH,MATCH(MEDIÇÃO!K73,'PROJETO PERFURAÇÃO'!$B:$B,0)),"") | M73: =IFERROR(INDEX('PROJETO PERFURAÇÃO'!$AN:$AN,MATCH(MEDIÇÃO!K73,'PROJETO PERFURAÇÃO'!$B:$B,0)),"") -> 0 | P73: =IFERROR(ROUND(INDEX('PROJETO PERFURAÇÃO'!$AB:$AB,MATCH(MEDIÇÃO!R73,'PROJETO PERFURAÇÃO'!$B:$B,0)),1)&"''","") -> 5'' | Q73: =IFERROR(IF(INDEX('PROJETO PERFURAÇÃO'!$P:$P,MATCH(MEDIÇÃO!R73,'PROJETO PERFURAÇÃO'!$B:$B,0))="Production","P",IF(INDEX('PROJETO PERFURAÇÃO'!$P:$P,MATCH(MEDIÇÃO!R73,'PROJETO PERFURAÇÃO'!$B:$B,0))="Buffer","B",IF(INDEX('PROJETO PERFURAÇÃO'!$P:$P,MATCH(MEDIÇÃO!R73,'PROJETO PERFURAÇÃO'!$B:$B,0))="Pre-Splitting","S"))),"") -> P | R73: =R72+1 -> 191 | S73: =IFERROR(INDEX('LEV R&D'!$D:$D,MATCH(MEDIÇÃO!R73,'LEV R&D'!$A:$A,0))-INDEX('PROJETO PERFURAÇÃO'!$AH:$AH,MATCH(MEDIÇÃO!R73,'PROJETO PERFURAÇÃO'!$B:$B,0)),"") | T73: =IFERROR(INDEX('PROJETO PERFURAÇÃO'!$AN:$AN,MATCH(MEDIÇÃO!R73,'PROJETO PERFURAÇÃO'!$B:$B,0)),"") -> 0
B74: =IFERROR(ROUND(INDEX('PROJETO PERFURAÇÃO'!$AB:$AB,MATCH(MEDIÇÃO!D74,'PROJETO PERFURAÇÃO'!$B:$B,0)),1)&"''","") -> 5'' | C74: =IFERROR(IF(INDEX('PROJETO PERFURAÇÃO'!$P:$P,MATCH(MEDIÇÃO!D74,'PROJETO PERFURAÇÃO'!$B:$B,0))="Production","P",IF(INDEX('PROJETO PERFURAÇÃO'!$P:$P,MATCH(MEDIÇÃO!D74,'PROJETO PERFURAÇÃO'!$B:$B,0))="Buffer","B",IF(INDEX('PROJETO PERFURAÇÃO'!$P:$P,MATCH(MEDIÇÃO!D74,'PROJETO PERFURAÇÃO'!$B:$B,0))="Pre-Splitting","S"))),"") -> P | D74: =D73+1 -> 146 | E74: =IFERROR(INDEX('LEV R&D'!$D:$D,MATCH(MEDIÇÃO!D74,'LEV R&D'!$A:$A,0))-INDEX('PROJETO PERFURAÇÃO'!$AH:$AH,MATCH(MEDIÇÃO!D74,'PROJETO PERFURAÇÃO'!$B:$B,0)),"") | F74: =IFERROR(INDEX('PROJETO PERFURAÇÃO'!$AN:$AN,MATCH(MEDIÇÃO!D74,'PROJETO PERFURAÇÃO'!$B:$B,0)),"") -> 0 | I74: =IFERROR(ROUND(INDEX('PROJETO PERFURAÇÃO'!$AB:$AB,MATCH(MEDIÇÃO!K74,'PROJETO PERFURAÇÃO'!$B:$B,0)),1)&"''","") -> 5'' | J74: =IFERROR(IF(INDEX('PROJETO PERFURAÇÃO'!$P:$P,MATCH(MEDIÇÃO!K74,'PROJETO PERFURAÇÃO'!$B:$B,0))="Production","P",IF(INDEX('PROJETO PERFURAÇÃO'!$P:$P,MATCH(MEDIÇÃO!K74,'PROJETO PERFURAÇÃO'!$B:$B,0))="Buffer","B",IF(INDEX('PROJETO PERFURAÇÃO'!$P:$P,MATCH(MEDIÇÃO!K74,'PROJETO PERFURAÇÃO'!$B:$B,0))="Pre-Splitting","S"))),"") -> P | K74: =K73+1 -> 169 | L74: =IFERROR(INDEX('LEV R&D'!$D:$D,MATCH(MEDIÇÃO!K74,'LEV R&D'!$A:$A,0))-INDEX('PROJETO PERFURAÇÃO'!$AH:$AH,MATCH(MEDIÇÃO!K74,'PROJETO PERFURAÇÃO'!$B:$B,0)),"") | M74: =IFERROR(INDEX('PROJETO PERFURAÇÃO'!$AN:$AN,MATCH(MEDIÇÃO!K74,'PROJETO PERFURAÇÃO'!$B:$B,0)),"") -> 0 | P74: =IFERROR(ROUND(INDEX('PROJETO PERFURAÇÃO'!$AB:$AB,MATCH(MEDIÇÃO!R74,'PROJETO PERFURAÇÃO'!$B:$B,0)),1)&"''","") -> 5'' | Q74: =IFERROR(IF(INDEX('PROJETO PERFURAÇÃO'!$P:$P,MATCH(MEDIÇÃO!R74,'PROJETO PERFURAÇÃO'!$B:$B,0))="Production","P",IF(INDEX('PROJETO PERFURAÇÃO'!$P:$P,MATCH(MEDIÇÃO!R74,'PROJETO PERFURAÇÃO'!$B:$B,0))="Buffer","B",IF(INDEX('PROJETO PERFURAÇÃO'!$P:$P,MATCH(MEDIÇÃO!R74,'PROJETO PERFURAÇÃO'!$B:$B,0))="Pre-Splitting","S"))),"") -> P | R74: =R73+1 -> 192 | S74: =IFERROR(INDEX('LEV R&D'!$D:$D,MATCH(MEDIÇÃO!R74,'LEV R&D'!$A:$A,0))-INDEX('PROJETO PERFURAÇÃO'!$AH:$AH,MATCH(MEDIÇÃO!R74,'PROJETO PERFURAÇÃO'!$B:$B,0)),"") | T74: =IFERROR(INDEX('PROJETO PERFURAÇÃO'!$AN:$AN,MATCH(MEDIÇÃO!R74,'PROJETO PERFURAÇÃO'!$B:$B,0)),"") -> 0
B75: =IFERROR(ROUND(INDEX('PROJETO PERFURAÇÃO'!$AB:$AB,MATCH(MEDIÇÃO!D75,'PROJETO PERFURAÇÃO'!$B:$B,0)),1)&"''","") -> 5'' | C75: =IFERROR(IF(INDEX('PROJETO PERFURAÇÃO'!$P:$P,MATCH(MEDIÇÃO!D75,'PROJETO PERFURAÇÃO'!$B:$B,0))="Production","P",IF(INDEX('PROJETO PERFURAÇÃO'!$P:$P,MATCH(MEDIÇÃO!D75,'PROJETO PERFURAÇÃO'!$B:$B,0))="Buffer","B",IF(INDEX('PROJETO PERFURAÇÃO'!$P:$P,MATCH(MEDIÇÃO!D75,'PROJETO PERFURAÇÃO'!$B:$B,0))="Pre-Splitting","S"))),"") -> P | D75: =D74+1 -> 147 | E75: =IFERROR(INDEX('LEV R&D'!$D:$D,MATCH(MEDIÇÃO!D75,'LEV R&D'!$A:$A,0))-INDEX('PROJETO PERFURAÇÃO'!$AH:$AH,MATCH(MEDIÇÃO!D75,'PROJETO PERFURAÇÃO'!$B:$B,0)),"") | F75: =IFERROR(INDEX('PROJETO PERFURAÇÃO'!$AN:$AN,MATCH(MEDIÇÃO!D75,'PROJETO PERFURAÇÃO'!$B:$B,0)),"") -> 0 | I75: =IFERROR(ROUND(INDEX('PROJETO PERFURAÇÃO'!$AB:$AB,MATCH(MEDIÇÃO!K75,'PROJETO PERFURAÇÃO'!$B:$B,0)),1)&"''","") -> 5'' | J75: =IFERROR(IF(INDEX('PROJETO PERFURAÇÃO'!$P:$P,MATCH(MEDIÇÃO!K75,'PROJETO PERFURAÇÃO'!$B:$B,0))="Production","P",IF(INDEX('PROJETO PERFURAÇÃO'!$P:$P,MATCH(MEDIÇÃO!K75,'PROJETO PERFURAÇÃO'!$B:$B,0))="Buffer","B",IF(INDEX('PROJETO PERFURAÇÃO'!$P:$P,MATCH(MEDIÇÃO!K75,'PROJETO PERFURAÇÃO'!$B:$B,0))="Pre-Splitting","S"))),"") -> P | K75: =K74+1 -> 170 | L75: =IFERROR(INDEX('LEV R&D'!$D:$D,MATCH(MEDIÇÃO!K75,'LEV R&D'!$A:$A,0))-INDEX('PROJETO PERFURAÇÃO'!$AH:$AH,MATCH(MEDIÇÃO!K75,'PROJETO PERFURAÇÃO'!$B:$B,0)),"") | M75: =IFERROR(INDEX('PROJETO PERFURAÇÃO'!$AN:$AN,MATCH(MEDIÇÃO!K75,'PROJETO PERFURAÇÃO'!$B:$B,0)),"") -> 0 | P75: =IFERROR(ROUND(INDEX('PROJETO PERFURAÇÃO'!$AB:$AB,MATCH(MEDIÇÃO!R75,'PROJETO PERFURAÇÃO'!$B:$B,0)),1)&"''","") -> 5'' | Q75: =IFERROR(IF(INDEX('PROJETO PERFURAÇÃO'!$P:$P,MATCH(MEDIÇÃO!R75,'PROJETO PERFURAÇÃO'!$B:$B,0))="Production","P",IF(INDEX('PROJETO PERFURAÇÃO'!$P:$P,MATCH(MEDIÇÃO!R75,'PROJETO PERFURAÇÃO'!$B:$B,0))="Buffer","B",IF(INDEX('PROJETO PERFURAÇÃO'!$P:$P,MATCH(MEDIÇÃO!R75,'PROJETO PERFURAÇÃO'!$B:$B,0))="Pre-Splitting","S"))),"") -> P | R75: =R74+1 -> 193 | S75: =IFERROR(INDEX('LEV R&D'!$D:$D,MATCH(MEDIÇÃO!R75,'LEV R&D'!$A:$A,0))-INDEX('PROJETO PERFURAÇÃO'!$AH:$AH,MATCH(MEDIÇÃO!R75,'PROJETO PERFURAÇÃO'!$B:$B,0)),"") | T75: =IFERROR(INDEX('PROJETO PERFURAÇÃO'!$AN:$AN,MATCH(MEDIÇÃO!R75,'PROJETO PERFURAÇÃO'!$B:$B,0)),"") -> 0
B76: =IFERROR(ROUND(INDEX('PROJETO PERFURAÇÃO'!$AB:$AB,MATCH(MEDIÇÃO!D76,'PROJETO PERFURAÇÃO'!$B:$B,0)),1)&"''","") -> 5'' | C76: =IFERROR(IF(INDEX('PROJETO PERFURAÇÃO'!$P:$P,MATCH(MEDIÇÃO!D76,'PROJETO PERFURAÇÃO'!$B:$B,0))="Production","P",IF(INDEX('PROJETO PERFURAÇÃO'!$P:$P,MATCH(MEDIÇÃO!D76,'PROJETO PERFURAÇÃO'!$B:$B,0))="Buffer","B",IF(INDEX('PROJETO PERFURAÇÃO'!$P:$P,MATCH(MEDIÇÃO!D76,'PROJETO PERFURAÇÃO'!$B:$B,0))="Pre-Splitting","S"))),"") -> P | D76: =D75+1 -> 148 | E76: =IFERROR(INDEX('LEV R&D'!$D:$D,MATCH(MEDIÇÃO!D76,'LEV R&D'!$A:$A,0))-INDEX('PROJETO PERFURAÇÃO'!$AH:$AH,MATCH(MEDIÇÃO!D76,'PROJETO PERFURAÇÃO'!$B:$B,0)),"") | F76: =IFERROR(INDEX('PROJETO PERFURAÇÃO'!$AN:$AN,MATCH(MEDIÇÃO!D76,'PROJETO PERFURAÇÃO'!$B:$B,0)),"") -> 0 | I76: =IFERROR(ROUND(INDEX('PROJETO PERFURAÇÃO'!$AB:$AB,MATCH(MEDIÇÃO!K76,'PROJETO PERFURAÇÃO'!$B:$B,0)),1)&"''","") -> 5'' | J76: =IFERROR(IF(INDEX('PROJETO PERFURAÇÃO'!$P:$P,MATCH(MEDIÇÃO!K76,'PROJETO PERFURAÇÃO'!$B:$B,0))="Production","P",IF(INDEX('PROJETO PERFURAÇÃO'!$P:$P,MATCH(MEDIÇÃO!K76,'PROJETO PERFURAÇÃO'!$B:$B,0))="Buffer","B",IF(INDEX('PROJETO PERFURAÇÃO'!$P:$P,MATCH(MEDIÇÃO!K76,'PROJETO PERFURAÇÃO'!$B:$B,0))="Pre-Splitting","S"))),"") -> P | K76: =K75+1 -> 171 | L76: =IFERROR(INDEX('LEV R&D'!$D:$D,MATCH(MEDIÇÃO!K76,'LEV R&D'!$A:$A,0))-INDEX('PROJETO PERFURAÇÃO'!$AH:$AH,MATCH(MEDIÇÃO!K76,'PROJETO PERFURAÇÃO'!$B:$B,0)),"") | M76: =IFERROR(INDEX('PROJETO PERFURAÇÃO'!$AN:$AN,MATCH(MEDIÇÃO!K76,'PROJETO PERFURAÇÃO'!$B:$B,0)),"") -> 0 | P76: =IFERROR(ROUND(INDEX('PROJETO PERFURAÇÃO'!$AB:$AB,MATCH(MEDIÇÃO!R76,'PROJETO PERFURAÇÃO'!$B:$B,0)),1)&"''","") -> 5'' | Q76: =IFERROR(IF(INDEX('PROJETO PERFURAÇÃO'!$P:$P,MATCH(MEDIÇÃO!R76,'PROJETO PERFURAÇÃO'!$B:$B,0))="Production","P",IF(INDEX('PROJETO PERFURAÇÃO'!$P:$P,MATCH(MEDIÇÃO!R76,'PROJETO PERFURAÇÃO'!$B:$B,0))="Buffer","B",IF(INDEX('PROJETO PERFURAÇÃO'!$P:$P,MATCH(MEDIÇÃO!R76,'PROJETO PERFURAÇÃO'!$B:$B,0))="Pre-Splitting","S"))),"") -> P | R76: =R75+1 -> 194 | S76: =IFERROR(INDEX('LEV R&D'!$D:$D,MATCH(MEDIÇÃO!R76,'LEV R&D'!$A:$A,0))-INDEX('PROJETO PERFURAÇÃO'!$AH:$AH,MATCH(MEDIÇÃO!R76,'PROJETO PERFURAÇÃO'!$B:$B,0)),"") | T76: =IFERROR(INDEX('PROJETO PERFURAÇÃO'!$AN:$AN,MATCH(MEDIÇÃO!R76,'PROJETO PERFURAÇÃO'!$B:$B,0)),"") -> 0
B77: =IFERROR(ROUND(INDEX('PROJETO PERFURAÇÃO'!$AB:$AB,MATCH(MEDIÇÃO!D77,'PROJETO PERFURAÇÃO'!$B:$B,0)),1)&"''","") -> 5'' | C77: =IFERROR(IF(INDEX('PROJETO PERFURAÇÃO'!$P:$P,MATCH(MEDIÇÃO!D77,'PROJETO PERFURAÇÃO'!$B:$B,0))="Production","P",IF(INDEX('PROJETO PERFURAÇÃO'!$P:$P,MATCH(MEDIÇÃO!D77,'PROJETO PERFURAÇÃO'!$B:$B,0))="Buffer","B",IF(INDEX('PROJETO PERFURAÇÃO'!$P:$P,MATCH(MEDIÇÃO!D77,'PROJETO PERFURAÇÃO'!$B:$B,0))="Pre-Splitting","S"))),"") -> P | D77: =D76+1 -> 149 | E77: =IFERROR(INDEX('LEV R&D'!$D:$D,MATCH(MEDIÇÃO!D77,'LEV R&D'!$A:$A,0))-INDEX('PROJETO PERFURAÇÃO'!$AH:$AH,MATCH(MEDIÇÃO!D77,'PROJETO PERFURAÇÃO'!$B:$B,0)),"") | F77: =IFERROR(INDEX('PROJETO PERFURAÇÃO'!$AN:$AN,MATCH(MEDIÇÃO!D77,'PROJETO PERFURAÇÃO'!$B:$B,0)),"") -> 0 | I77: =IFERROR(ROUND(INDEX('PROJETO PERFURAÇÃO'!$AB:$AB,MATCH(MEDIÇÃO!K77,'PROJETO PERFURAÇÃO'!$B:$B,0)),1)&"''","") -> 5'' | J77: =IFERROR(IF(INDEX('PROJETO PERFURAÇÃO'!$P:$P,MATCH(MEDIÇÃO!K77,'PROJETO PERFURAÇÃO'!$B:$B,0))="Production","P",IF(INDEX('PROJETO PERFURAÇÃO'!$P:$P,MATCH(MEDIÇÃO!K77,'PROJETO PERFURAÇÃO'!$B:$B,0))="Buffer","B",IF(INDEX('PROJETO PERFURAÇÃO'!$P:$P,MATCH(MEDIÇÃO!K77,'PROJETO PERFURAÇÃO'!$B:$B,0))="Pre-Splitting","S"))),"") -> P | K77: =K76+1 -> 172 | L77: =IFERROR(INDEX('LEV R&D'!$D:$D,MATCH(MEDIÇÃO!K77,'LEV R&D'!$A:$A,0))-INDEX('PROJETO PERFURAÇÃO'!$AH:$AH,MATCH(MEDIÇÃO!K77,'PROJETO PERFURAÇÃO'!$B:$B,0)),"") | M77: =IFERROR(INDEX('PROJETO PERFURAÇÃO'!$AN:$AN,MATCH(MEDIÇÃO!K77,'PROJETO PERFURAÇÃO'!$B:$B,0)),"") -> 0 | P77: =IFERROR(ROUND(INDEX('PROJETO PERFURAÇÃO'!$AB:$AB,MATCH(MEDIÇÃO!R77,'PROJETO PERFURAÇÃO'!$B:$B,0)),1)&"''","") -> 5'' | Q77: =IFERROR(IF(INDEX('PROJETO PERFURAÇÃO'!$P:$P,MATCH(MEDIÇÃO!R77,'PROJETO PERFURAÇÃO'!$B:$B,0))="Production","P",IF(INDEX('PROJETO PERFURAÇÃO'!$P:$P,MATCH(MEDIÇÃO!R77,'PROJETO PERFURAÇÃO'!$B:$B,0))="Buffer","B",IF(INDEX('PROJETO PERFURAÇÃO'!$P:$P,MATCH(MEDIÇÃO!R77,'PROJETO PERFURAÇÃO'!$B:$B,0))="Pre-Splitting","S"))),"") -> P | R77: =R76+1 -> 195 | S77: =IFERROR(INDEX('LEV R&D'!$D:$D,MATCH(MEDIÇÃO!R77,'LEV R&D'!$A:$A,0))-INDEX('PROJETO PERFURAÇÃO'!$AH:$AH,MATCH(MEDIÇÃO!R77,'PROJETO PERFURAÇÃO'!$B:$B,0)),"") | T77: =IFERROR(INDEX('PROJETO PERFURAÇÃO'!$AN:$AN,MATCH(MEDIÇÃO!R77,'PROJETO PERFURAÇÃO'!$B:$B,0)),"") -> 0
B78: =IFERROR(ROUND(INDEX('PROJETO PERFURAÇÃO'!$AB:$AB,MATCH(MEDIÇÃO!D78,'PROJETO PERFURAÇÃO'!$B:$B,0)),1)&"''","") -> 5'' | C78: =IFERROR(IF(INDEX('PROJETO PERFURAÇÃO'!$P:$P,MATCH(MEDIÇÃO!D78,'PROJETO PERFURAÇÃO'!$B:$B,0))="Production","P",IF(INDEX('PROJETO PERFURAÇÃO'!$P:$P,MATCH(MEDIÇÃO!D78,'PROJETO PERFURAÇÃO'!$B:$B,0))="Buffer","B",IF(INDEX('PROJETO PERFURAÇÃO'!$P:$P,MATCH(MEDIÇÃO!D78,'PROJETO PERFURAÇÃO'!$B:$B,0))="Pre-Splitting","S"))),"") -> P | D78: =D77+1 -> 150 | E78: =IFERROR(INDEX('LEV R&D'!$D:$D,MATCH(MEDIÇÃO!D78,'LEV R&D'!$A:$A,0))-INDEX('PROJETO PERFURAÇÃO'!$AH:$AH,MATCH(MEDIÇÃO!D78,'PROJETO PERFURAÇÃO'!$B:$B,0)),"") | F78: =IFERROR(INDEX('PROJETO PERFURAÇÃO'!$AN:$AN,MATCH(MEDIÇÃO!D78,'PROJETO PERFURAÇÃO'!$B:$B,0)),"") -> 0 | I78: =IFERROR(ROUND(INDEX('PROJETO PERFURAÇÃO'!$AB:$AB,MATCH(MEDIÇÃO!K78,'PROJETO PERFURAÇÃO'!$B:$B,0)),1)&"''","") -> 5'' | J78: =IFERROR(IF(INDEX('PROJETO PERFURAÇÃO'!$P:$P,MATCH(MEDIÇÃO!K78,'PROJETO PERFURAÇÃO'!$B:$B,0))="Production","P",IF(INDEX('PROJETO PERFURAÇÃO'!$P:$P,MATCH(MEDIÇÃO!K78,'PROJETO PERFURAÇÃO'!$B:$B,0))="Buffer","B",IF(INDEX('PROJETO PERFURAÇÃO'!$P:$P,MATCH(MEDIÇÃO!K78,'PROJETO PERFURAÇÃO'!$B:$B,0))="Pre-Splitting","S"))),"") -> P | K78: =K77+1 -> 173 | L78: =IFERROR(INDEX('LEV R&D'!$D:$D,MATCH(MEDIÇÃO!K78,'LEV R&D'!$A:$A,0))-INDEX('PROJETO PERFURAÇÃO'!$AH:$AH,MATCH(MEDIÇÃO!K78,'PROJETO PERFURAÇÃO'!$B:$B,0)),"") | M78: =IFERROR(INDEX('PROJETO PERFURAÇÃO'!$AN:$AN,MATCH(MEDIÇÃO!K78,'PROJETO PERFURAÇÃO'!$B:$B,0)),"") -> 0 | P78: =IFERROR(ROUND(INDEX('PROJETO PERFURAÇÃO'!$AB:$AB,MATCH(MEDIÇÃO!R78,'PROJETO PERFURAÇÃO'!$B:$B,0)),1)&"''","") -> 5'' | Q78: =IFERROR(IF(INDEX('PROJETO PERFURAÇÃO'!$P:$P,MATCH(MEDIÇÃO!R78,'PROJETO PERFURAÇÃO'!$B:$B,0))="Production","P",IF(INDEX('PROJETO PERFURAÇÃO'!$P:$P,MATCH(MEDIÇÃO!R78,'PROJETO PERFURAÇÃO'!$B:$B,0))="Buffer","B",IF(INDEX('PROJETO PERFURAÇÃO'!$P:$P,MATCH(MEDIÇÃO!R78,'PROJETO PERFURAÇÃO'!$B:$B,0))="Pre-Splitting","S"))),"") -> P | R78: =R77+1 -> 196 | S78: =IFERROR(INDEX('LEV R&D'!$D:$D,MATCH(MEDIÇÃO!R78,'LEV R&D'!$A:$A,0))-INDEX('PROJETO PERFURAÇÃO'!$AH:$AH,MATCH(MEDIÇÃO!R78,'PROJETO PERFURAÇÃO'!$B:$B,0)),"") | T78: =IFERROR(INDEX('PROJETO PERFURAÇÃO'!$AN:$AN,MATCH(MEDIÇÃO!R78,'PROJETO PERFURAÇÃO'!$B:$B,0)),"") -> 0
B79: =IFERROR(ROUND(INDEX('PROJETO PERFURAÇÃO'!$AB:$AB,MATCH(MEDIÇÃO!D79,'PROJETO PERFURAÇÃO'!$B:$B,0)),1)&"''","") -> 5'' | C79: =IFERROR(IF(INDEX('PROJETO PERFURAÇÃO'!$P:$P,MATCH(MEDIÇÃO!D79,'PROJETO PERFURAÇÃO'!$B:$B,0))="Production","P",IF(INDEX('PROJETO PERFURAÇÃO'!$P:$P,MATCH(MEDIÇÃO!D79,'PROJETO PERFURAÇÃO'!$B:$B,0))="Buffer","B",IF(INDEX('PROJETO PERFURAÇÃO'!$P:$P,MATCH(MEDIÇÃO!D79,'PROJETO PERFURAÇÃO'!$B:$B,0))="Pre-Splitting","S"))),"") -> P | D79: =D78+1 -> 151 | E79: =IFERROR(INDEX('LEV R&D'!$D:$D,MATCH(MEDIÇÃO!D79,'LEV R&D'!$A:$A,0))-INDEX('PROJETO PERFURAÇÃO'!$AH:$AH,MATCH(MEDIÇÃO!D79,'PROJETO PERFURAÇÃO'!$B:$B,0)),"") | F79: =IFERROR(INDEX('PROJETO PERFURAÇÃO'!$AN:$AN,MATCH(MEDIÇÃO!D79,'PROJETO PERFURAÇÃO'!$B:$B,0)),"") -> 0 | I79: =IFERROR(ROUND(INDEX('PROJETO PERFURAÇÃO'!$AB:$AB,MATCH(MEDIÇÃO!K79,'PROJETO PERFURAÇÃO'!$B:$B,0)),1)&"''","") -> 5'' | J79: =IFERROR(IF(INDEX('PROJETO PERFURAÇÃO'!$P:$P,MATCH(MEDIÇÃO!K79,'PROJETO PERFURAÇÃO'!$B:$B,0))="Production","P",IF(INDEX('PROJETO PERFURAÇÃO'!$P:$P,MATCH(MEDIÇÃO!K79,'PROJETO PERFURAÇÃO'!$B:$B,0))="Buffer","B",IF(INDEX('PROJETO PERFURAÇÃO'!$P:$P,MATCH(MEDIÇÃO!K79,'PROJETO PERFURAÇÃO'!$B:$B,0))="Pre-Splitting","S"))),"") -> P | K79: =K78+1 -> 174 | L79: =IFERROR(INDEX('LEV R&D'!$D:$D,MATCH(MEDIÇÃO!K79,'LEV R&D'!$A:$A,0))-INDEX('PROJETO PERFURAÇÃO'!$AH:$AH,MATCH(MEDIÇÃO!K79,'PROJETO PERFURAÇÃO'!$B:$B,0)),"") | M79: =IFERROR(INDEX('PROJETO PERFURAÇÃO'!$AN:$AN,MATCH(MEDIÇÃO!K79,'PROJETO PERFURAÇÃO'!$B:$B,0)),"") -> 0 | P79: =IFERROR(ROUND(INDEX('PROJETO PERFURAÇÃO'!$AB:$AB,MATCH(MEDIÇÃO!R79,'PROJETO PERFURAÇÃO'!$B:$B,0)),1)&"''","") -> 5'' | Q79: =IFERROR(IF(INDEX('PROJETO PERFURAÇÃO'!$P:$P,MATCH(MEDIÇÃO!R79,'PROJETO PERFURAÇÃO'!$B:$B,0))="Production","P",IF(INDEX('PROJETO PERFURAÇÃO'!$P:$P,MATCH(MEDIÇÃO!R79,'PROJETO PERFURAÇÃO'!$B:$B,0))="Buffer","B",IF(INDEX('PROJETO PERFURAÇÃO'!$P:$P,MATCH(MEDIÇÃO!R79,'PROJETO PERFURAÇÃO'!$B:$B,0))="Pre-Splitting","S"))),"") -> P | R79: =R78+1 -> 197 | S79: =IFERROR(INDEX('LEV R&D'!$D:$D,MATCH(MEDIÇÃO!R79,'LEV R&D'!$A:$A,0))-INDEX('PROJETO PERFURAÇÃO'!$AH:$AH,MATCH(MEDIÇÃO!R79,'PROJETO PERFURAÇÃO'!$B:$B,0)),"") | T79: =IFERROR(INDEX('PROJETO PERFURAÇÃO'!$AN:$AN,MATCH(MEDIÇÃO!R79,'PROJETO PERFURAÇÃO'!$B:$B,0)),"") -> 0
... B89: =IFERROR(ROUND(INDEX('PROJETO PERFURAÇÃO'!$AB:$AB,MATCH(MEDIÇÃO!D89,'PROJETO PERFURAÇÃO'!$B:$B,0)),1)&"''","") -> 5'' | C89: =IFERROR(IF(INDEX('PROJETO PERFURAÇÃO'!$P:$P,MATCH(MEDIÇÃO!D89,'PROJETO PERFURAÇÃO'!$B:$B,0))="Production","P",IF(INDEX('PROJETO PERFURAÇÃO'!$P:$P,MATCH(MEDIÇÃO!D89,'PROJETO PERFURAÇÃO'!$B:$B,0))="Buffer","B",IF(INDEX('PROJETO PERFURAÇÃO'!$P:$P,MATCH(MEDIÇÃO!D89,'PROJETO PERFURAÇÃO'!$B:$B,0))="Pre-Splitting","S"))),"") -> P | D89: =D88+1 -> 161 | E89: =IFERROR(INDEX('LEV R&D'!$D:$D,MATCH(MEDIÇÃO!D89,'LEV R&D'!$A:$A,0))-INDEX('PROJETO PERFURAÇÃO'!$AH:$AH,MATCH(MEDIÇÃO!D89,'PROJETO PERFURAÇÃO'!$B:$B,0)),"") | F89: =IFERROR(INDEX('PROJETO PERFURAÇÃO'!$AN:$AN,MATCH(MEDIÇÃO!D89,'PROJETO PERFURAÇÃO'!$B:$B,0)),"") -> 0 | I89: =IFERROR(ROUND(INDEX('PROJETO PERFURAÇÃO'!$AB:$AB,MATCH(MEDIÇÃO!K89,'PROJETO PERFURAÇÃO'!$B:$B,0)),1)&"''","") -> 5'' | J89: =IFERROR(IF(INDEX('PROJETO PERFURAÇÃO'!$P:$P,MATCH(MEDIÇÃO!K89,'PROJETO PERFURAÇÃO'!$B:$B,0))="Production","P",IF(INDEX('PROJETO PERFURAÇÃO'!$P:$P,MATCH(MEDIÇÃO!K89,'PROJETO PERFURAÇÃO'!$B:$B,0))="Buffer","B",IF(INDEX('PROJETO PERFURAÇÃO'!$P:$P,MATCH(MEDIÇÃO!K89,'PROJETO PERFURAÇÃO'!$B:$B,0))="Pre-Splitting","S"))),"") -> P | K89: =K88+1 -> 184 | L89: =IFERROR(INDEX('LEV R&D'!$D:$D,MATCH(MEDIÇÃO!K89,'LEV R&D'!$A:$A,0))-INDEX('PROJETO PERFURAÇÃO'!$AH:$AH,MATCH(MEDIÇÃO!K89,'PROJETO PERFURAÇÃO'!$B:$B,0)),"") | M89: =IFERROR(INDEX('PROJETO PERFURAÇÃO'!$AN:$AN,MATCH(MEDIÇÃO!K89,'PROJETO PERFURAÇÃO'!$B:$B,0)),"") -> 0 | P89: =IFERROR(ROUND(INDEX('PROJETO PERFURAÇÃO'!$AB:$AB,MATCH(MEDIÇÃO!R89,'PROJETO PERFURAÇÃO'!$B:$B,0)),1)&"''","") -> 5'' | Q89: =IFERROR(IF(INDEX('PROJETO PERFURAÇÃO'!$P:$P,MATCH(MEDIÇÃO!R89,'PROJETO PERFURAÇÃO'!$B:$B,0))="Production","P",IF(INDEX('PROJETO PERFURAÇÃO'!$P:$P,MATCH(MEDIÇÃO!R89,'PROJETO PERFURAÇÃO'!$B:$B,0))="Buffer","B",IF(INDEX('PROJETO PERFURAÇÃO'!$P:$P,MATCH(MEDIÇÃO!R89,'PROJETO PERFURAÇÃO'!$B:$B,0))="Pre-Splitting","S"))),"") -> P | R89: =R88+1 -> 207 | S89: =IFERROR(INDEX('LEV R&D'!$D:$D,MATCH(MEDIÇÃO!R89,'LEV R&D'!$A:$A,0))-INDEX('PROJETO PERFURAÇÃO'!$AH:$AH,MATCH(MEDIÇÃO!R89,'PROJETO PERFURAÇÃO'!$B:$B,0)),"") | T89: =IFERROR(INDEX('PROJETO PERFURAÇÃO'!$AN:$AN,MATCH(MEDIÇÃO!R89,'PROJETO PERFURAÇÃO'!$B:$B,0)),"") -> 0
C92: Responsável | M92: Responsável
B94: ='PROJETO PERFURAÇÃO'!$C$2&" - "&'PROJETO PERFURAÇÃO'!$H$2 -> LIB065 - PP0651026 | I94: P | J94: =Produção
I95: B | J95: =Buffer
I96: S | J96: =Pré Corte
B97: Ø | C97: Type | D97: ID | E97: Obj | F97: Inc | G97: Perf | H97: Rep | I97: Ø | J97: Type | K97: ID | L97: Obj | M97: Inc | N97: Perf | O97: Rep | P97: Ø | Q97: Type | R97: ID | S97: Obj | T97: Inc | U97: Perf | V97: Rep
B98: =IFERROR(ROUND(INDEX('PROJETO PERFURAÇÃO'!$AB:$AB,MATCH(MEDIÇÃO!D98,'PROJETO PERFURAÇÃO'!$B:$B,0)),1)&"''","") -> 5'' | C98: =IFERROR(IF(INDEX('PROJETO PERFURAÇÃO'!$P:$P,MATCH(MEDIÇÃO!D98,'PROJETO PERFURAÇÃO'!$B:$B,0))="Production","P",IF(INDEX('PROJETO PERFURAÇÃO'!$P:$P,MATCH(MEDIÇÃO!D98,'PROJETO PERFURAÇÃO'!$B:$B,0))="Buffer","B",IF(INDEX('PROJETO PERFURAÇÃO'!$P:$P,MATCH(MEDIÇÃO!D98,'PROJETO PERFURAÇÃO'!$B:$B,0))="Pre-Splitting","S"))),"") -> P | D98: =R89+1 -> 208 | E98: =IFERROR(INDEX('LEV R&D'!$D:$D,MATCH(MEDIÇÃO!D98,'LEV R&D'!$A:$A,0))-INDEX('PROJETO PERFURAÇÃO'!$AH:$AH,MATCH(MEDIÇÃO!D98,'PROJETO PERFURAÇÃO'!$B:$B,0)),"") | F98: =IFERROR(INDEX('PROJETO PERFURAÇÃO'!$AN:$AN,MATCH(MEDIÇÃO!D98,'PROJETO PERFURAÇÃO'!$B:$B,0)),"") -> 0 | I98: =IFERROR(ROUND(INDEX('PROJETO PERFURAÇÃO'!$AB:$AB,MATCH(MEDIÇÃO!K98,'PROJETO PERFURAÇÃO'!$B:$B,0)),1)&"''","") -> 5'' | J98: =IFERROR(IF(INDEX('PROJETO PERFURAÇÃO'!$P:$P,MATCH(MEDIÇÃO!K98,'PROJETO PERFURAÇÃO'!$B:$B,0))="Production","P",IF(INDEX('PROJETO PERFURAÇÃO'!$P:$P,MATCH(MEDIÇÃO!K98,'PROJETO PERFURAÇÃO'!$B:$B,0))="Buffer","B",IF(INDEX('PROJETO PERFURAÇÃO'!$P:$P,MATCH(MEDIÇÃO!K98,'PROJETO PERFURAÇÃO'!$B:$B,0))="Pre-Splitting","S"))),"") -> P | K98: =D120+1 -> 231 | L98: =IFERROR(INDEX('LEV R&D'!$D:$D,MATCH(MEDIÇÃO!K98,'LEV R&D'!$A:$A,0))-INDEX('PROJETO PERFURAÇÃO'!$AH:$AH,MATCH(MEDIÇÃO!K98,'PROJETO PERFURAÇÃO'!$B:$B,0)),"") | M98: =IFERROR(INDEX('PROJETO PERFURAÇÃO'!$AN:$AN,MATCH(MEDIÇÃO!K98,'PROJETO PERFURAÇÃO'!$B:$B,0)),"") -> 0 | P98: =IFERROR(ROUND(INDEX('PROJETO PERFURAÇÃO'!$AB:$AB,MATCH(MEDIÇÃO!R98,'PROJETO PERFURAÇÃO'!$B:$B,0)),1)&"''","") -> 5'' | Q98: =IFERROR(IF(INDEX('PROJETO PERFURAÇÃO'!$P:$P,MATCH(MEDIÇÃO!R98,'PROJETO PERFURAÇÃO'!$B:$B,0))="Production","P",IF(INDEX('PROJETO PERFURAÇÃO'!$P:$P,MATCH(MEDIÇÃO!R98,'PROJETO PERFURAÇÃO'!$B:$B,0))="Buffer","B",IF(INDEX('PROJETO PERFURAÇÃO'!$P:$P,MATCH(MEDIÇÃO!R98,'PROJETO PERFURAÇÃO'!$B:$B,0))="Pre-Splitting","S"))),"") -> P | R98: =K120+1 -> 254 | S98: =IFERROR(INDEX('LEV R&D'!$D:$D,MATCH(MEDIÇÃO!R98,'LEV R&D'!$A:$A,0))-INDEX('PROJETO PERFURAÇÃO'!$AH:$AH,MATCH(MEDIÇÃO!R98,'PROJETO PERFURAÇÃO'!$B:$B,0)),"") | T98: =IFERROR(INDEX('PROJETO PERFURAÇÃO'!$AN:$AN,MATCH(MEDIÇÃO!R98,'PROJETO PERFURAÇÃO'!$B:$B,0)),"") -> 0
B99: =IFERROR(ROUND(INDEX('PROJETO PERFURAÇÃO'!$AB:$AB,MATCH(MEDIÇÃO!D99,'PROJETO PERFURAÇÃO'!$B:$B,0)),1)&"''","") -> 5'' | C99: =IFERROR(IF(INDEX('PROJETO PERFURAÇÃO'!$P:$P,MATCH(MEDIÇÃO!D99,'PROJETO PERFURAÇÃO'!$B:$B,0))="Production","P",IF(INDEX('PROJETO PERFURAÇÃO'!$P:$P,MATCH(MEDIÇÃO!D99,'PROJETO PERFURAÇÃO'!$B:$B,0))="Buffer","B",IF(INDEX('PROJETO PERFURAÇÃO'!$P:$P,MATCH(MEDIÇÃO!D99,'PROJETO PERFURAÇÃO'!$B:$B,0))="Pre-Splitting","S"))),"") -> P | D99: =D98+1 -> 209 | E99: =IFERROR(INDEX('LEV R&D'!$D:$D,MATCH(MEDIÇÃO!D99,'LEV R&D'!$A:$A,0))-INDEX('PROJETO PERFURAÇÃO'!$AH:$AH,MATCH(MEDIÇÃO!D99,'PROJETO PERFURAÇÃO'!$B:$B,0)),"") | F99: =IFERROR(INDEX('PROJETO PERFURAÇÃO'!$AN:$AN,MATCH(MEDIÇÃO!D99,'PROJETO PERFURAÇÃO'!$B:$B,0)),"") -> 0 | I99: =IFERROR(ROUND(INDEX('PROJETO PERFURAÇÃO'!$AB:$AB,MATCH(MEDIÇÃO!K99,'PROJETO PERFURAÇÃO'!$B:$B,0)),1)&"''","") -> 5'' | J99: =IFERROR(IF(INDEX('PROJETO PERFURAÇÃO'!$P:$P,MATCH(MEDIÇÃO!K99,'PROJETO PERFURAÇÃO'!$B:$B,0))="Production","P",IF(INDEX('PROJETO PERFURAÇÃO'!$P:$P,MATCH(MEDIÇÃO!K99,'PROJETO PERFURAÇÃO'!$B:$B,0))="Buffer","B",IF(INDEX('PROJETO PERFURAÇÃO'!$P:$P,MATCH(MEDIÇÃO!K99,'PROJETO PERFURAÇÃO'!$B:$B,0))="Pre-Splitting","S"))),"") -> P | K99: =K98+1 -> 232 | L99: =IFERROR(INDEX('LEV R&D'!$D:$D,MATCH(MEDIÇÃO!K99,'LEV R&D'!$A:$A,0))-INDEX('PROJETO PERFURAÇÃO'!$AH:$AH,MATCH(MEDIÇÃO!K99,'PROJETO PERFURAÇÃO'!$B:$B,0)),"") | M99: =IFERROR(INDEX('PROJETO PERFURAÇÃO'!$AN:$AN,MATCH(MEDIÇÃO!K99,'PROJETO PERFURAÇÃO'!$B:$B,0)),"") -> 0 | P99: =IFERROR(ROUND(INDEX('PROJETO PERFURAÇÃO'!$AB:$AB,MATCH(MEDIÇÃO!R99,'PROJETO PERFURAÇÃO'!$B:$B,0)),1)&"''","") -> 5'' | Q99: =IFERROR(IF(INDEX('PROJETO PERFURAÇÃO'!$P:$P,MATCH(MEDIÇÃO!R99,'PROJETO PERFURAÇÃO'!$B:$B,0))="Production","P",IF(INDEX('PROJETO PERFURAÇÃO'!$P:$P,MATCH(MEDIÇÃO!R99,'PROJETO PERFURAÇÃO'!$B:$B,0))="Buffer","B",IF(INDEX('PROJETO PERFURAÇÃO'!$P:$P,MATCH(MEDIÇÃO!R99,'PROJETO PERFURAÇÃO'!$B:$B,0))="Pre-Splitting","S"))),"") -> P | R99: =R98+1 -> 255 | S99: =IFERROR(INDEX('LEV R&D'!$D:$D,MATCH(MEDIÇÃO!R99,'LEV R&D'!$A:$A,0))-INDEX('PROJETO PERFURAÇÃO'!$AH:$AH,MATCH(MEDIÇÃO!R99,'PROJETO PERFURAÇÃO'!$B:$B,0)),"") | T99: =IFERROR(INDEX('PROJETO PERFURAÇÃO'!$AN:$AN,MATCH(MEDIÇÃO!R99,'PROJETO PERFURAÇÃO'!$B:$B,0)),"") -> 0
B100: =IFERROR(ROUND(INDEX('PROJETO PERFURAÇÃO'!$AB:$AB,MATCH(MEDIÇÃO!D100,'PROJETO PERFURAÇÃO'!$B:$B,0)),1)&"''","") -> 5'' | C100: =IFERROR(IF(INDEX('PROJETO PERFURAÇÃO'!$P:$P,MATCH(MEDIÇÃO!D100,'PROJETO PERFURAÇÃO'!$B:$B,0))="Production","P",IF(INDEX('PROJETO PERFURAÇÃO'!$P:$P,MATCH(MEDIÇÃO!D100,'PROJETO PERFURAÇÃO'!$B:$B,0))="Buffer","B",IF(INDEX('PROJETO PERFURAÇÃO'!$P:$P,MATCH(MEDIÇÃO!D100,'PROJETO PERFURAÇÃO'!$B:$B,0))="Pre-Splitting","S"))),"") -> P | D100: =D99+1 -> 210 | E100: =IFERROR(INDEX('LEV R&D'!$D:$D,MATCH(MEDIÇÃO!D100,'LEV R&D'!$A:$A,0))-INDEX('PROJETO PERFURAÇÃO'!$AH:$AH,MATCH(MEDIÇÃO!D100,'PROJETO PERFURAÇÃO'!$B:$B,0)),"") | F100: =IFERROR(INDEX('PROJETO PERFURAÇÃO'!$AN:$AN,MATCH(MEDIÇÃO!D100,'PROJETO PERFURAÇÃO'!$B:$B,0)),"") -> 0 | I100: =IFERROR(ROUND(INDEX('PROJETO PERFURAÇÃO'!$AB:$AB,MATCH(MEDIÇÃO!K100,'PROJETO PERFURAÇÃO'!$B:$B,0)),1)&"''","") -> 5'' | J100: =IFERROR(IF(INDEX('PROJETO PERFURAÇÃO'!$P:$P,MATCH(MEDIÇÃO!K100,'PROJETO PERFURAÇÃO'!$B:$B,0))="Production","P",IF(INDEX('PROJETO PERFURAÇÃO'!$P:$P,MATCH(MEDIÇÃO!K100,'PROJETO PERFURAÇÃO'!$B:$B,0))="Buffer","B",IF(INDEX('PROJETO PERFURAÇÃO'!$P:$P,MATCH(MEDIÇÃO!K100,'PROJETO PERFURAÇÃO'!$B:$B,0))="Pre-Splitting","S"))),"") -> P | K100: =K99+1 -> 233 | L100: =IFERROR(INDEX('LEV R&D'!$D:$D,MATCH(MEDIÇÃO!K100,'LEV R&D'!$A:$A,0))-INDEX('PROJETO PERFURAÇÃO'!$AH:$AH,MATCH(MEDIÇÃO!K100,'PROJETO PERFURAÇÃO'!$B:$B,0)),"") | M100: =IFERROR(INDEX('PROJETO PERFURAÇÃO'!$AN:$AN,MATCH(MEDIÇÃO!K100,'PROJETO PERFURAÇÃO'!$B:$B,0)),"") -> 0 | P100: =IFERROR(ROUND(INDEX('PROJETO PERFURAÇÃO'!$AB:$AB,MATCH(MEDIÇÃO!R100,'PROJETO PERFURAÇÃO'!$B:$B,0)),1)&"''","") -> 5'' | Q100: =IFERROR(IF(INDEX('PROJETO PERFURAÇÃO'!$P:$P,MATCH(MEDIÇÃO!R100,'PROJETO PERFURAÇÃO'!$B:$B,0))="Production","P",IF(INDEX('PROJETO PERFURAÇÃO'!$P:$P,MATCH(MEDIÇÃO!R100,'PROJETO PERFURAÇÃO'!$B:$B,0))="Buffer","B",IF(INDEX('PROJETO PERFURAÇÃO'!$P:$P,MATCH(MEDIÇÃO!R100,'PROJETO PERFURAÇÃO'!$B:$B,0))="Pre-Splitting","S"))),"") -> P | R100: =R99+1 -> 256 | S100: =IFERROR(INDEX('LEV R&D'!$D:$D,MATCH(MEDIÇÃO!R100,'LEV R&D'!$A:$A,0))-INDEX('PROJETO PERFURAÇÃO'!$AH:$AH,MATCH(MEDIÇÃO!R100,'PROJETO PERFURAÇÃO'!$B:$B,0)),"") | T100: =IFERROR(INDEX('PROJETO PERFURAÇÃO'!$AN:$AN,MATCH(MEDIÇÃO!R100,'PROJETO PERFURAÇÃO'!$B:$B,0)),"") -> 0
B101: =IFERROR(ROUND(INDEX('PROJETO PERFURAÇÃO'!$AB:$AB,MATCH(MEDIÇÃO!D101,'PROJETO PERFURAÇÃO'!$B:$B,0)),1)&"''","") -> 5'' | C101: =IFERROR(IF(INDEX('PROJETO PERFURAÇÃO'!$P:$P,MATCH(MEDIÇÃO!D101,'PROJETO PERFURAÇÃO'!$B:$B,0))="Production","P",IF(INDEX('PROJETO PERFURAÇÃO'!$P:$P,MATCH(MEDIÇÃO!D101,'PROJETO PERFURAÇÃO'!$B:$B,0))="Buffer","B",IF(INDEX('PROJETO PERFURAÇÃO'!$P:$P,MATCH(MEDIÇÃO!D101,'PROJETO PERFURAÇÃO'!$B:$B,0))="Pre-Splitting","S"))),"") -> P | D101: =D100+1 -> 211 | E101: =IFERROR(INDEX('LEV R&D'!$D:$D,MATCH(MEDIÇÃO!D101,'LEV R&D'!$A:$A,0))-INDEX('PROJETO PERFURAÇÃO'!$AH:$AH,MATCH(MEDIÇÃO!D101,'PROJETO PERFURAÇÃO'!$B:$B,0)),"") | F101: =IFERROR(INDEX('PROJETO PERFURAÇÃO'!$AN:$AN,MATCH(MEDIÇÃO!D101,'PROJETO PERFURAÇÃO'!$B:$B,0)),"") -> 0 | I101: =IFERROR(ROUND(INDEX('PROJETO PERFURAÇÃO'!$AB:$AB,MATCH(MEDIÇÃO!K101,'PROJETO PERFURAÇÃO'!$B:$B,0)),1)&"''","") -> 5'' | J101: =IFERROR(IF(INDEX('PROJETO PERFURAÇÃO'!$P:$P,MATCH(MEDIÇÃO!K101,'PROJETO PERFURAÇÃO'!$B:$B,0))="Production","P",IF(INDEX('PROJETO PERFURAÇÃO'!$P:$P,MATCH(MEDIÇÃO!K101,'PROJETO PERFURAÇÃO'!$B:$B,0))="Buffer","B",IF(INDEX('PROJETO PERFURAÇÃO'!$P:$P,MATCH(MEDIÇÃO!K101,'PROJETO PERFURAÇÃO'!$B:$B,0))="Pre-Splitting","S"))),"") -> P | K101: =K100+1 -> 234 | L101: =IFERROR(INDEX('LEV R&D'!$D:$D,MATCH(MEDIÇÃO!K101,'LEV R&D'!$A:$A,0))-INDEX('PROJETO PERFURAÇÃO'!$AH:$AH,MATCH(MEDIÇÃO!K101,'PROJETO PERFURAÇÃO'!$B:$B,0)),"") | M101: =IFERROR(INDEX('PROJETO PERFURAÇÃO'!$AN:$AN,MATCH(MEDIÇÃO!K101,'PROJETO PERFURAÇÃO'!$B:$B,0)),"") -> 0 | P101: =IFERROR(ROUND(INDEX('PROJETO PERFURAÇÃO'!$AB:$AB,MATCH(MEDIÇÃO!R101,'PROJETO PERFURAÇÃO'!$B:$B,0)),1)&"''","") -> 5'' | Q101: =IFERROR(IF(INDEX('PROJETO PERFURAÇÃO'!$P:$P,MATCH(MEDIÇÃO!R101,'PROJETO PERFURAÇÃO'!$B:$B,0))="Production","P",IF(INDEX('PROJETO PERFURAÇÃO'!$P:$P,MATCH(MEDIÇÃO!R101,'PROJETO PERFURAÇÃO'!$B:$B,0))="Buffer","B",IF(INDEX('PROJETO PERFURAÇÃO'!$P:$P,MATCH(MEDIÇÃO!R101,'PROJETO PERFURAÇÃO'!$B:$B,0))="Pre-Splitting","S"))),"") -> P | R101: =R100+1 -> 257 | S101: =IFERROR(INDEX('LEV R&D'!$D:$D,MATCH(MEDIÇÃO!R101,'LEV R&D'!$A:$A,0))-INDEX('PROJETO PERFURAÇÃO'!$AH:$AH,MATCH(MEDIÇÃO!R101,'PROJETO PERFURAÇÃO'!$B:$B,0)),"") | T101: =IFERROR(INDEX('PROJETO PERFURAÇÃO'!$AN:$AN,MATCH(MEDIÇÃO!R101,'PROJETO PERFURAÇÃO'!$B:$B,0)),"") -> 0
B102: =IFERROR(ROUND(INDEX('PROJETO PERFURAÇÃO'!$AB:$AB,MATCH(MEDIÇÃO!D102,'PROJETO PERFURAÇÃO'!$B:$B,0)),1)&"''","") -> 5'' | C102: =IFERROR(IF(INDEX('PROJETO PERFURAÇÃO'!$P:$P,MATCH(MEDIÇÃO!D102,'PROJETO PERFURAÇÃO'!$B:$B,0))="Production","P",IF(INDEX('PROJETO PERFURAÇÃO'!$P:$P,MATCH(MEDIÇÃO!D102,'PROJETO PERFURAÇÃO'!$B:$B,0))="Buffer","B",IF(INDEX('PROJETO PERFURAÇÃO'!$P:$P,MATCH(MEDIÇÃO!D102,'PROJETO PERFURAÇÃO'!$B:$B,0))="Pre-Splitting","S"))),"") -> P | D102: =D101+1 -> 212 | E102: =IFERROR(INDEX('LEV R&D'!$D:$D,MATCH(MEDIÇÃO!D102,'LEV R&D'!$A:$A,0))-INDEX('PROJETO PERFURAÇÃO'!$AH:$AH,MATCH(MEDIÇÃO!D102,'PROJETO PERFURAÇÃO'!$B:$B,0)),"") | F102: =IFERROR(INDEX('PROJETO PERFURAÇÃO'!$AN:$AN,MATCH(MEDIÇÃO!D102,'PROJETO PERFURAÇÃO'!$B:$B,0)),"") -> 0 | I102: =IFERROR(ROUND(INDEX('PROJETO PERFURAÇÃO'!$AB:$AB,MATCH(MEDIÇÃO!K102,'PROJETO PERFURAÇÃO'!$B:$B,0)),1)&"''","") -> 5'' | J102: =IFERROR(IF(INDEX('PROJETO PERFURAÇÃO'!$P:$P,MATCH(MEDIÇÃO!K102,'PROJETO PERFURAÇÃO'!$B:$B,0))="Production","P",IF(INDEX('PROJETO PERFURAÇÃO'!$P:$P,MATCH(MEDIÇÃO!K102,'PROJETO PERFURAÇÃO'!$B:$B,0))="Buffer","B",IF(INDEX('PROJETO PERFURAÇÃO'!$P:$P,MATCH(MEDIÇÃO!K102,'PROJETO PERFURAÇÃO'!$B:$B,0))="Pre-Splitting","S"))),"") -> P | K102: =K101+1 -> 235 | L102: =IFERROR(INDEX('LEV R&D'!$D:$D,MATCH(MEDIÇÃO!K102,'LEV R&D'!$A:$A,0))-INDEX('PROJETO PERFURAÇÃO'!$AH:$AH,MATCH(MEDIÇÃO!K102,'PROJETO PERFURAÇÃO'!$B:$B,0)),"") | M102: =IFERROR(INDEX('PROJETO PERFURAÇÃO'!$AN:$AN,MATCH(MEDIÇÃO!K102,'PROJETO PERFURAÇÃO'!$B:$B,0)),"") -> 0 | P102: =IFERROR(ROUND(INDEX('PROJETO PERFURAÇÃO'!$AB:$AB,MATCH(MEDIÇÃO!R102,'PROJETO PERFURAÇÃO'!$B:$B,0)),1)&"''","") -> 5'' | Q102: =IFERROR(IF(INDEX('PROJETO PERFURAÇÃO'!$P:$P,MATCH(MEDIÇÃO!R102,'PROJETO PERFURAÇÃO'!$B:$B,0))="Production","P",IF(INDEX('PROJETO PERFURAÇÃO'!$P:$P,MATCH(MEDIÇÃO!R102,'PROJETO PERFURAÇÃO'!$B:$B,0))="Buffer","B",IF(INDEX('PROJETO PERFURAÇÃO'!$P:$P,MATCH(MEDIÇÃO!R102,'PROJETO PERFURAÇÃO'!$B:$B,0))="Pre-Splitting","S"))),"") -> P | R102: =R101+1 -> 258 | S102: =IFERROR(INDEX('LEV R&D'!$D:$D,MATCH(MEDIÇÃO!R102,'LEV R&D'!$A:$A,0))-INDEX('PROJETO PERFURAÇÃO'!$AH:$AH,MATCH(MEDIÇÃO!R102,'PROJETO PERFURAÇÃO'!$B:$B,0)),"") | T102: =IFERROR(INDEX('PROJETO PERFURAÇÃO'!$AN:$AN,MATCH(MEDIÇÃO!R102,'PROJETO PERFURAÇÃO'!$B:$B,0)),"") -> 0
B103: =IFERROR(ROUND(INDEX('PROJETO PERFURAÇÃO'!$AB:$AB,MATCH(MEDIÇÃO!D103,'PROJETO PERFURAÇÃO'!$B:$B,0)),1)&"''","") -> 5'' | C103: =IFERROR(IF(INDEX('PROJETO PERFURAÇÃO'!$P:$P,MATCH(MEDIÇÃO!D103,'PROJETO PERFURAÇÃO'!$B:$B,0))="Production","P",IF(INDEX('PROJETO PERFURAÇÃO'!$P:$P,MATCH(MEDIÇÃO!D103,'PROJETO PERFURAÇÃO'!$B:$B,0))="Buffer","B",IF(INDEX('PROJETO PERFURAÇÃO'!$P:$P,MATCH(MEDIÇÃO!D103,'PROJETO PERFURAÇÃO'!$B:$B,0))="Pre-Splitting","S"))),"") -> P | D103: =D102+1 -> 213 | E103: =IFERROR(INDEX('LEV R&D'!$D:$D,MATCH(MEDIÇÃO!D103,'LEV R&D'!$A:$A,0))-INDEX('PROJETO PERFURAÇÃO'!$AH:$AH,MATCH(MEDIÇÃO!D103,'PROJETO PERFURAÇÃO'!$B:$B,0)),"") | F103: =IFERROR(INDEX('PROJETO PERFURAÇÃO'!$AN:$AN,MATCH(MEDIÇÃO!D103,'PROJETO PERFURAÇÃO'!$B:$B,0)),"") -> 0 | I103: =IFERROR(ROUND(INDEX('PROJETO PERFURAÇÃO'!$AB:$AB,MATCH(MEDIÇÃO!K103,'PROJETO PERFURAÇÃO'!$B:$B,0)),1)&"''","") -> 5'' | J103: =IFERROR(IF(INDEX('PROJETO PERFURAÇÃO'!$P:$P,MATCH(MEDIÇÃO!K103,'PROJETO PERFURAÇÃO'!$B:$B,0))="Production","P",IF(INDEX('PROJETO PERFURAÇÃO'!$P:$P,MATCH(MEDIÇÃO!K103,'PROJETO PERFURAÇÃO'!$B:$B,0))="Buffer","B",IF(INDEX('PROJETO PERFURAÇÃO'!$P:$P,MATCH(MEDIÇÃO!K103,'PROJETO PERFURAÇÃO'!$B:$B,0))="Pre-Splitting","S"))),"") -> P | K103: =K102+1 -> 236 | L103: =IFERROR(INDEX('LEV R&D'!$D:$D,MATCH(MEDIÇÃO!K103,'LEV R&D'!$A:$A,0))-INDEX('PROJETO PERFURAÇÃO'!$AH:$AH,MATCH(MEDIÇÃO!K103,'PROJETO PERFURAÇÃO'!$B:$B,0)),"") | M103: =IFERROR(INDEX('PROJETO PERFURAÇÃO'!$AN:$AN,MATCH(MEDIÇÃO!K103,'PROJETO PERFURAÇÃO'!$B:$B,0)),"") -> 0 | P103: =IFERROR(ROUND(INDEX('PROJETO PERFURAÇÃO'!$AB:$AB,MATCH(MEDIÇÃO!R103,'PROJETO PERFURAÇÃO'!$B:$B,0)),1)&"''","") -> 5'' | Q103: =IFERROR(IF(INDEX('PROJETO PERFURAÇÃO'!$P:$P,MATCH(MEDIÇÃO!R103,'PROJETO PERFURAÇÃO'!$B:$B,0))="Production","P",IF(INDEX('PROJETO PERFURAÇÃO'!$P:$P,MATCH(MEDIÇÃO!R103,'PROJETO PERFURAÇÃO'!$B:$B,0))="Buffer","B",IF(INDEX('PROJETO PERFURAÇÃO'!$P:$P,MATCH(MEDIÇÃO!R103,'PROJETO PERFURAÇÃO'!$B:$B,0))="Pre-Splitting","S"))),"") -> P | R103: =R102+1 -> 259 | S103: =IFERROR(INDEX('LEV R&D'!$D:$D,MATCH(MEDIÇÃO!R103,'LEV R&D'!$A:$A,0))-INDEX('PROJETO PERFURAÇÃO'!$AH:$AH,MATCH(MEDIÇÃO!R103,'PROJETO PERFURAÇÃO'!$B:$B,0)),"") | T103: =IFERROR(INDEX('PROJETO PERFURAÇÃO'!$AN:$AN,MATCH(MEDIÇÃO!R103,'PROJETO PERFURAÇÃO'!$B:$B,0)),"") -> 0
B104: =IFERROR(ROUND(INDEX('PROJETO PERFURAÇÃO'!$AB:$AB,MATCH(MEDIÇÃO!D104,'PROJETO PERFURAÇÃO'!$B:$B,0)),1)&"''","") -> 5'' | C104: =IFERROR(IF(INDEX('PROJETO PERFURAÇÃO'!$P:$P,MATCH(MEDIÇÃO!D104,'PROJETO PERFURAÇÃO'!$B:$B,0))="Production","P",IF(INDEX('PROJETO PERFURAÇÃO'!$P:$P,MATCH(MEDIÇÃO!D104,'PROJETO PERFURAÇÃO'!$B:$B,0))="Buffer","B",IF(INDEX('PROJETO PERFURAÇÃO'!$P:$P,MATCH(MEDIÇÃO!D104,'PROJETO PERFURAÇÃO'!$B:$B,0))="Pre-Splitting","S"))),"") -> P | D104: =D103+1 -> 214 | E104: =IFERROR(INDEX('LEV R&D'!$D:$D,MATCH(MEDIÇÃO!D104,'LEV R&D'!$A:$A,0))-INDEX('PROJETO PERFURAÇÃO'!$AH:$AH,MATCH(MEDIÇÃO!D104,'PROJETO PERFURAÇÃO'!$B:$B,0)),"") | F104: =IFERROR(INDEX('PROJETO PERFURAÇÃO'!$AN:$AN,MATCH(MEDIÇÃO!D104,'PROJETO PERFURAÇÃO'!$B:$B,0)),"") -> 0 | I104: =IFERROR(ROUND(INDEX('PROJETO PERFURAÇÃO'!$AB:$AB,MATCH(MEDIÇÃO!K104,'PROJETO PERFURAÇÃO'!$B:$B,0)),1)&"''","") -> 5'' | J104: =IFERROR(IF(INDEX('PROJETO PERFURAÇÃO'!$P:$P,MATCH(MEDIÇÃO!K104,'PROJETO PERFURAÇÃO'!$B:$B,0))="Production","P",IF(INDEX('PROJETO PERFURAÇÃO'!$P:$P,MATCH(MEDIÇÃO!K104,'PROJETO PERFURAÇÃO'!$B:$B,0))="Buffer","B",IF(INDEX('PROJETO PERFURAÇÃO'!$P:$P,MATCH(MEDIÇÃO!K104,'PROJETO PERFURAÇÃO'!$B:$B,0))="Pre-Splitting","S"))),"") -> P | K104: =K103+1 -> 237 | L104: =IFERROR(INDEX('LEV R&D'!$D:$D,MATCH(MEDIÇÃO!K104,'LEV R&D'!$A:$A,0))-INDEX('PROJETO PERFURAÇÃO'!$AH:$AH,MATCH(MEDIÇÃO!K104,'PROJETO PERFURAÇÃO'!$B:$B,0)),"") | M104: =IFERROR(INDEX('PROJETO PERFURAÇÃO'!$AN:$AN,MATCH(MEDIÇÃO!K104,'PROJETO PERFURAÇÃO'!$B:$B,0)),"") -> 0 | P104: =IFERROR(ROUND(INDEX('PROJETO PERFURAÇÃO'!$AB:$AB,MATCH(MEDIÇÃO!R104,'PROJETO PERFURAÇÃO'!$B:$B,0)),1)&"''","") -> 5'' | Q104: =IFERROR(IF(INDEX('PROJETO PERFURAÇÃO'!$P:$P,MATCH(MEDIÇÃO!R104,'PROJETO PERFURAÇÃO'!$B:$B,0))="Production","P",IF(INDEX('PROJETO PERFURAÇÃO'!$P:$P,MATCH(MEDIÇÃO!R104,'PROJETO PERFURAÇÃO'!$B:$B,0))="Buffer","B",IF(INDEX('PROJETO PERFURAÇÃO'!$P:$P,MATCH(MEDIÇÃO!R104,'PROJETO PERFURAÇÃO'!$B:$B,0))="Pre-Splitting","S"))),"") -> P | R104: =R103+1 -> 260 | S104: =IFERROR(INDEX('LEV R&D'!$D:$D,MATCH(MEDIÇÃO!R104,'LEV R&D'!$A:$A,0))-INDEX('PROJETO PERFURAÇÃO'!$AH:$AH,MATCH(MEDIÇÃO!R104,'PROJETO PERFURAÇÃO'!$B:$B,0)),"") | T104: =IFERROR(INDEX('PROJETO PERFURAÇÃO'!$AN:$AN,MATCH(MEDIÇÃO!R104,'PROJETO PERFURAÇÃO'!$B:$B,0)),"") -> 0
B105: =IFERROR(ROUND(INDEX('PROJETO PERFURAÇÃO'!$AB:$AB,MATCH(MEDIÇÃO!D105,'PROJETO PERFURAÇÃO'!$B:$B,0)),1)&"''","") -> 5'' | C105: =IFERROR(IF(INDEX('PROJETO PERFURAÇÃO'!$P:$P,MATCH(MEDIÇÃO!D105,'PROJETO PERFURAÇÃO'!$B:$B,0))="Production","P",IF(INDEX('PROJETO PERFURAÇÃO'!$P:$P,MATCH(MEDIÇÃO!D105,'PROJETO PERFURAÇÃO'!$B:$B,0))="Buffer","B",IF(INDEX('PROJETO PERFURAÇÃO'!$P:$P,MATCH(MEDIÇÃO!D105,'PROJETO PERFURAÇÃO'!$B:$B,0))="Pre-Splitting","S"))),"") -> P | D105: =D104+1 -> 215 | E105: =IFERROR(INDEX('LEV R&D'!$D:$D,MATCH(MEDIÇÃO!D105,'LEV R&D'!$A:$A,0))-INDEX('PROJETO PERFURAÇÃO'!$AH:$AH,MATCH(MEDIÇÃO!D105,'PROJETO PERFURAÇÃO'!$B:$B,0)),"") | F105: =IFERROR(INDEX('PROJETO PERFURAÇÃO'!$AN:$AN,MATCH(MEDIÇÃO!D105,'PROJETO PERFURAÇÃO'!$B:$B,0)),"") -> 0 | I105: =IFERROR(ROUND(INDEX('PROJETO PERFURAÇÃO'!$AB:$AB,MATCH(MEDIÇÃO!K105,'PROJETO PERFURAÇÃO'!$B:$B,0)),1)&"''","") -> 5'' | J105: =IFERROR(IF(INDEX('PROJETO PERFURAÇÃO'!$P:$P,MATCH(MEDIÇÃO!K105,'PROJETO PERFURAÇÃO'!$B:$B,0))="Production","P",IF(INDEX('PROJETO PERFURAÇÃO'!$P:$P,MATCH(MEDIÇÃO!K105,'PROJETO PERFURAÇÃO'!$B:$B,0))="Buffer","B",IF(INDEX('PROJETO PERFURAÇÃO'!$P:$P,MATCH(MEDIÇÃO!K105,'PROJETO PERFURAÇÃO'!$B:$B,0))="Pre-Splitting","S"))),"") -> P | K105: =K104+1 -> 238 | L105: =IFERROR(INDEX('LEV R&D'!$D:$D,MATCH(MEDIÇÃO!K105,'LEV R&D'!$A:$A,0))-INDEX('PROJETO PERFURAÇÃO'!$AH:$AH,MATCH(MEDIÇÃO!K105,'PROJETO PERFURAÇÃO'!$B:$B,0)),"") | M105: =IFERROR(INDEX('PROJETO PERFURAÇÃO'!$AN:$AN,MATCH(MEDIÇÃO!K105,'PROJETO PERFURAÇÃO'!$B:$B,0)),"") -> 0 | P105: =IFERROR(ROUND(INDEX('PROJETO PERFURAÇÃO'!$AB:$AB,MATCH(MEDIÇÃO!R105,'PROJETO PERFURAÇÃO'!$B:$B,0)),1)&"''","") -> 5'' | Q105: =IFERROR(IF(INDEX('PROJETO PERFURAÇÃO'!$P:$P,MATCH(MEDIÇÃO!R105,'PROJETO PERFURAÇÃO'!$B:$B,0))="Production","P",IF(INDEX('PROJETO PERFURAÇÃO'!$P:$P,MATCH(MEDIÇÃO!R105,'PROJETO PERFURAÇÃO'!$B:$B,0))="Buffer","B",IF(INDEX('PROJETO PERFURAÇÃO'!$P:$P,MATCH(MEDIÇÃO!R105,'PROJETO PERFURAÇÃO'!$B:$B,0))="Pre-Splitting","S"))),"") -> P | R105: =R104+1 -> 261 | S105: =IFERROR(INDEX('LEV R&D'!$D:$D,MATCH(MEDIÇÃO!R105,'LEV R&D'!$A:$A,0))-INDEX('PROJETO PERFURAÇÃO'!$AH:$AH,MATCH(MEDIÇÃO!R105,'PROJETO PERFURAÇÃO'!$B:$B,0)),"") | T105: =IFERROR(INDEX('PROJETO PERFURAÇÃO'!$AN:$AN,MATCH(MEDIÇÃO!R105,'PROJETO PERFURAÇÃO'!$B:$B,0)),"") -> 0
B106: =IFERROR(ROUND(INDEX('PROJETO PERFURAÇÃO'!$AB:$AB,MATCH(MEDIÇÃO!D106,'PROJETO PERFURAÇÃO'!$B:$B,0)),1)&"''","") -> 5'' | C106: =IFERROR(IF(INDEX('PROJETO PERFURAÇÃO'!$P:$P,MATCH(MEDIÇÃO!D106,'PROJETO PERFURAÇÃO'!$B:$B,0))="Production","P",IF(INDEX('PROJETO PERFURAÇÃO'!$P:$P,MATCH(MEDIÇÃO!D106,'PROJETO PERFURAÇÃO'!$B:$B,0))="Buffer","B",IF(INDEX('PROJETO PERFURAÇÃO'!$P:$P,MATCH(MEDIÇÃO!D106,'PROJETO PERFURAÇÃO'!$B:$B,0))="Pre-Splitting","S"))),"") -> P | D106: =D105+1 -> 216 | E106: =IFERROR(INDEX('LEV R&D'!$D:$D,MATCH(MEDIÇÃO!D106,'LEV R&D'!$A:$A,0))-INDEX('PROJETO PERFURAÇÃO'!$AH:$AH,MATCH(MEDIÇÃO!D106,'PROJETO PERFURAÇÃO'!$B:$B,0)),"") | F106: =IFERROR(INDEX('PROJETO PERFURAÇÃO'!$AN:$AN,MATCH(MEDIÇÃO!D106,'PROJETO PERFURAÇÃO'!$B:$B,0)),"") -> 0 | I106: =IFERROR(ROUND(INDEX('PROJETO PERFURAÇÃO'!$AB:$AB,MATCH(MEDIÇÃO!K106,'PROJETO PERFURAÇÃO'!$B:$B,0)),1)&"''","") -> 5'' | J106: =IFERROR(IF(INDEX('PROJETO PERFURAÇÃO'!$P:$P,MATCH(MEDIÇÃO!K106,'PROJETO PERFURAÇÃO'!$B:$B,0))="Production","P",IF(INDEX('PROJETO PERFURAÇÃO'!$P:$P,MATCH(MEDIÇÃO!K106,'PROJETO PERFURAÇÃO'!$B:$B,0))="Buffer","B",IF(INDEX('PROJETO PERFURAÇÃO'!$P:$P,MATCH(MEDIÇÃO!K106,'PROJETO PERFURAÇÃO'!$B:$B,0))="Pre-Splitting","S"))),"") -> P | K106: =K105+1 -> 239 | L106: =IFERROR(INDEX('LEV R&D'!$D:$D,MATCH(MEDIÇÃO!K106,'LEV R&D'!$A:$A,0))-INDEX('PROJETO PERFURAÇÃO'!$AH:$AH,MATCH(MEDIÇÃO!K106,'PROJETO PERFURAÇÃO'!$B:$B,0)),"") | M106: =IFERROR(INDEX('PROJETO PERFURAÇÃO'!$AN:$AN,MATCH(MEDIÇÃO!K106,'PROJETO PERFURAÇÃO'!$B:$B,0)),"") -> 0 | P106: =IFERROR(ROUND(INDEX('PROJETO PERFURAÇÃO'!$AB:$AB,MATCH(MEDIÇÃO!R106,'PROJETO PERFURAÇÃO'!$B:$B,0)),1)&"''","") -> 5'' | Q106: =IFERROR(IF(INDEX('PROJETO PERFURAÇÃO'!$P:$P,MATCH(MEDIÇÃO!R106,'PROJETO PERFURAÇÃO'!$B:$B,0))="Production","P",IF(INDEX('PROJETO PERFURAÇÃO'!$P:$P,MATCH(MEDIÇÃO!R106,'PROJETO PERFURAÇÃO'!$B:$B,0))="Buffer","B",IF(INDEX('PROJETO PERFURAÇÃO'!$P:$P,MATCH(MEDIÇÃO!R106,'PROJETO PERFURAÇÃO'!$B:$B,0))="Pre-Splitting","S"))),"") -> P | R106: =R105+1 -> 262 | S106: =IFERROR(INDEX('LEV R&D'!$D:$D,MATCH(MEDIÇÃO!R106,'LEV R&D'!$A:$A,0))-INDEX('PROJETO PERFURAÇÃO'!$AH:$AH,MATCH(MEDIÇÃO!R106,'PROJETO PERFURAÇÃO'!$B:$B,0)),"") | T106: =IFERROR(INDEX('PROJETO PERFURAÇÃO'!$AN:$AN,MATCH(MEDIÇÃO!R106,'PROJETO PERFURAÇÃO'!$B:$B,0)),"") -> 0
B107: =IFERROR(ROUND(INDEX('PROJETO PERFURAÇÃO'!$AB:$AB,MATCH(MEDIÇÃO!D107,'PROJETO PERFURAÇÃO'!$B:$B,0)),1)&"''","") -> 5'' | C107: =IFERROR(IF(INDEX('PROJETO PERFURAÇÃO'!$P:$P,MATCH(MEDIÇÃO!D107,'PROJETO PERFURAÇÃO'!$B:$B,0))="Production","P",IF(INDEX('PROJETO PERFURAÇÃO'!$P:$P,MATCH(MEDIÇÃO!D107,'PROJETO PERFURAÇÃO'!$B:$B,0))="Buffer","B",IF(INDEX('PROJETO PERFURAÇÃO'!$P:$P,MATCH(MEDIÇÃO!D107,'PROJETO PERFURAÇÃO'!$B:$B,0))="Pre-Splitting","S"))),"") -> P | D107: =D106+1 -> 217 | E107: =IFERROR(INDEX('LEV R&D'!$D:$D,MATCH(MEDIÇÃO!D107,'LEV R&D'!$A:$A,0))-INDEX('PROJETO PERFURAÇÃO'!$AH:$AH,MATCH(MEDIÇÃO!D107,'PROJETO PERFURAÇÃO'!$B:$B,0)),"") | F107: =IFERROR(INDEX('PROJETO PERFURAÇÃO'!$AN:$AN,MATCH(MEDIÇÃO!D107,'PROJETO PERFURAÇÃO'!$B:$B,0)),"") -> 0 | I107: =IFERROR(ROUND(INDEX('PROJETO PERFURAÇÃO'!$AB:$AB,MATCH(MEDIÇÃO!K107,'PROJETO PERFURAÇÃO'!$B:$B,0)),1)&"''","") -> 5'' | J107: =IFERROR(IF(INDEX('PROJETO PERFURAÇÃO'!$P:$P,MATCH(MEDIÇÃO!K107,'PROJETO PERFURAÇÃO'!$B:$B,0))="Production","P",IF(INDEX('PROJETO PERFURAÇÃO'!$P:$P,MATCH(MEDIÇÃO!K107,'PROJETO PERFURAÇÃO'!$B:$B,0))="Buffer","B",IF(INDEX('PROJETO PERFURAÇÃO'!$P:$P,MATCH(MEDIÇÃO!K107,'PROJETO PERFURAÇÃO'!$B:$B,0))="Pre-Splitting","S"))),"") -> P | K107: =K106+1 -> 240 | L107: =IFERROR(INDEX('LEV R&D'!$D:$D,MATCH(MEDIÇÃO!K107,'LEV R&D'!$A:$A,0))-INDEX('PROJETO PERFURAÇÃO'!$AH:$AH,MATCH(MEDIÇÃO!K107,'PROJETO PERFURAÇÃO'!$B:$B,0)),"") | M107: =IFERROR(INDEX('PROJETO PERFURAÇÃO'!$AN:$AN,MATCH(MEDIÇÃO!K107,'PROJETO PERFURAÇÃO'!$B:$B,0)),"") -> 0 | P107: =IFERROR(ROUND(INDEX('PROJETO PERFURAÇÃO'!$AB:$AB,MATCH(MEDIÇÃO!R107,'PROJETO PERFURAÇÃO'!$B:$B,0)),1)&"''","") -> 5'' | Q107: =IFERROR(IF(INDEX('PROJETO PERFURAÇÃO'!$P:$P,MATCH(MEDIÇÃO!R107,'PROJETO PERFURAÇÃO'!$B:$B,0))="Production","P",IF(INDEX('PROJETO PERFURAÇÃO'!$P:$P,MATCH(MEDIÇÃO!R107,'PROJETO PERFURAÇÃO'!$B:$B,0))="Buffer","B",IF(INDEX('PROJETO PERFURAÇÃO'!$P:$P,MATCH(MEDIÇÃO!R107,'PROJETO PERFURAÇÃO'!$B:$B,0))="Pre-Splitting","S"))),"") -> P | R107: =R106+1 -> 263 | S107: =IFERROR(INDEX('LEV R&D'!$D:$D,MATCH(MEDIÇÃO!R107,'LEV R&D'!$A:$A,0))-INDEX('PROJETO PERFURAÇÃO'!$AH:$AH,MATCH(MEDIÇÃO!R107,'PROJETO PERFURAÇÃO'!$B:$B,0)),"") | T107: =IFERROR(INDEX('PROJETO PERFURAÇÃO'!$AN:$AN,MATCH(MEDIÇÃO!R107,'PROJETO PERFURAÇÃO'!$B:$B,0)),"") -> 0
B108: =IFERROR(ROUND(INDEX('PROJETO PERFURAÇÃO'!$AB:$AB,MATCH(MEDIÇÃO!D108,'PROJETO PERFURAÇÃO'!$B:$B,0)),1)&"''","") -> 5'' | C108: =IFERROR(IF(INDEX('PROJETO PERFURAÇÃO'!$P:$P,MATCH(MEDIÇÃO!D108,'PROJETO PERFURAÇÃO'!$B:$B,0))="Production","P",IF(INDEX('PROJETO PERFURAÇÃO'!$P:$P,MATCH(MEDIÇÃO!D108,'PROJETO PERFURAÇÃO'!$B:$B,0))="Buffer","B",IF(INDEX('PROJETO PERFURAÇÃO'!$P:$P,MATCH(MEDIÇÃO!D108,'PROJETO PERFURAÇÃO'!$B:$B,0))="Pre-Splitting","S"))),"") -> P | D108: =D107+1 -> 218 | E108: =IFERROR(INDEX('LEV R&D'!$D:$D,MATCH(MEDIÇÃO!D108,'LEV R&D'!$A:$A,0))-INDEX('PROJETO PERFURAÇÃO'!$AH:$AH,MATCH(MEDIÇÃO!D108,'PROJETO PERFURAÇÃO'!$B:$B,0)),"") | F108: =IFERROR(INDEX('PROJETO PERFURAÇÃO'!$AN:$AN,MATCH(MEDIÇÃO!D108,'PROJETO PERFURAÇÃO'!$B:$B,0)),"") -> 0 | I108: =IFERROR(ROUND(INDEX('PROJETO PERFURAÇÃO'!$AB:$AB,MATCH(MEDIÇÃO!K108,'PROJETO PERFURAÇÃO'!$B:$B,0)),1)&"''","") -> 5'' | J108: =IFERROR(IF(INDEX('PROJETO PERFURAÇÃO'!$P:$P,MATCH(MEDIÇÃO!K108,'PROJETO PERFURAÇÃO'!$B:$B,0))="Production","P",IF(INDEX('PROJETO PERFURAÇÃO'!$P:$P,MATCH(MEDIÇÃO!K108,'PROJETO PERFURAÇÃO'!$B:$B,0))="Buffer","B",IF(INDEX('PROJETO PERFURAÇÃO'!$P:$P,MATCH(MEDIÇÃO!K108,'PROJETO PERFURAÇÃO'!$B:$B,0))="Pre-Splitting","S"))),"") -> P | K108: =K107+1 -> 241 | L108: =IFERROR(INDEX('LEV R&D'!$D:$D,MATCH(MEDIÇÃO!K108,'LEV R&D'!$A:$A,0))-INDEX('PROJETO PERFURAÇÃO'!$AH:$AH,MATCH(MEDIÇÃO!K108,'PROJETO PERFURAÇÃO'!$B:$B,0)),"") | M108: =IFERROR(INDEX('PROJETO PERFURAÇÃO'!$AN:$AN,MATCH(MEDIÇÃO!K108,'PROJETO PERFURAÇÃO'!$B:$B,0)),"") -> 0 | P108: =IFERROR(ROUND(INDEX('PROJETO PERFURAÇÃO'!$AB:$AB,MATCH(MEDIÇÃO!R108,'PROJETO PERFURAÇÃO'!$B:$B,0)),1)&"''","") -> 5'' | Q108: =IFERROR(IF(INDEX('PROJETO PERFURAÇÃO'!$P:$P,MATCH(MEDIÇÃO!R108,'PROJETO PERFURAÇÃO'!$B:$B,0))="Production","P",IF(INDEX('PROJETO PERFURAÇÃO'!$P:$P,MATCH(MEDIÇÃO!R108,'PROJETO PERFURAÇÃO'!$B:$B,0))="Buffer","B",IF(INDEX('PROJETO PERFURAÇÃO'!$P:$P,MATCH(MEDIÇÃO!R108,'PROJETO PERFURAÇÃO'!$B:$B,0))="Pre-Splitting","S"))),"") -> P | R108: =R107+1 -> 264 | S108: =IFERROR(INDEX('LEV R&D'!$D:$D,MATCH(MEDIÇÃO!R108,'LEV R&D'!$A:$A,0))-INDEX('PROJETO PERFURAÇÃO'!$AH:$AH,MATCH(MEDIÇÃO!R108,'PROJETO PERFURAÇÃO'!$B:$B,0)),"") | T108: =IFERROR(INDEX('PROJETO PERFURAÇÃO'!$AN:$AN,MATCH(MEDIÇÃO!R108,'PROJETO PERFURAÇÃO'!$B:$B,0)),"") -> 0
B109: =IFERROR(ROUND(INDEX('PROJETO PERFURAÇÃO'!$AB:$AB,MATCH(MEDIÇÃO!D109,'PROJETO PERFURAÇÃO'!$B:$B,0)),1)&"''","") -> 5'' | C109: =IFERROR(IF(INDEX('PROJETO PERFURAÇÃO'!$P:$P,MATCH(MEDIÇÃO!D109,'PROJETO PERFURAÇÃO'!$B:$B,0))="Production","P",IF(INDEX('PROJETO PERFURAÇÃO'!$P:$P,MATCH(MEDIÇÃO!D109,'PROJETO PERFURAÇÃO'!$B:$B,0))="Buffer","B",IF(INDEX('PROJETO PERFURAÇÃO'!$P:$P,MATCH(MEDIÇÃO!D109,'PROJETO PERFURAÇÃO'!$B:$B,0))="Pre-Splitting","S"))),"") -> P | D109: =D108+1 -> 219 | E109: =IFERROR(INDEX('LEV R&D'!$D:$D,MATCH(MEDIÇÃO!D109,'LEV R&D'!$A:$A,0))-INDEX('PROJETO PERFURAÇÃO'!$AH:$AH,MATCH(MEDIÇÃO!D109,'PROJETO PERFURAÇÃO'!$B:$B,0)),"") | F109: =IFERROR(INDEX('PROJETO PERFURAÇÃO'!$AN:$AN,MATCH(MEDIÇÃO!D109,'PROJETO PERFURAÇÃO'!$B:$B,0)),"") -> 0 | I109: =IFERROR(ROUND(INDEX('PROJETO PERFURAÇÃO'!$AB:$AB,MATCH(MEDIÇÃO!K109,'PROJETO PERFURAÇÃO'!$B:$B,0)),1)&"''","") -> 5'' | J109: =IFERROR(IF(INDEX('PROJETO PERFURAÇÃO'!$P:$P,MATCH(MEDIÇÃO!K109,'PROJETO PERFURAÇÃO'!$B:$B,0))="Production","P",IF(INDEX('PROJETO PERFURAÇÃO'!$P:$P,MATCH(MEDIÇÃO!K109,'PROJETO PERFURAÇÃO'!$B:$B,0))="Buffer","B",IF(INDEX('PROJETO PERFURAÇÃO'!$P:$P,MATCH(MEDIÇÃO!K109,'PROJETO PERFURAÇÃO'!$B:$B,0))="Pre-Splitting","S"))),"") -> P | K109: =K108+1 -> 242 | L109: =IFERROR(INDEX('LEV R&D'!$D:$D,MATCH(MEDIÇÃO!K109,'LEV R&D'!$A:$A,0))-INDEX('PROJETO PERFURAÇÃO'!$AH:$AH,MATCH(MEDIÇÃO!K109,'PROJETO PERFURAÇÃO'!$B:$B,0)),"") | M109: =IFERROR(INDEX('PROJETO PERFURAÇÃO'!$AN:$AN,MATCH(MEDIÇÃO!K109,'PROJETO PERFURAÇÃO'!$B:$B,0)),"") -> 0 | P109: =IFERROR(ROUND(INDEX('PROJETO PERFURAÇÃO'!$AB:$AB,MATCH(MEDIÇÃO!R109,'PROJETO PERFURAÇÃO'!$B:$B,0)),1)&"''","") -> 5'' | Q109: =IFERROR(IF(INDEX('PROJETO PERFURAÇÃO'!$P:$P,MATCH(MEDIÇÃO!R109,'PROJETO PERFURAÇÃO'!$B:$B,0))="Production","P",IF(INDEX('PROJETO PERFURAÇÃO'!$P:$P,MATCH(MEDIÇÃO!R109,'PROJETO PERFURAÇÃO'!$B:$B,0))="Buffer","B",IF(INDEX('PROJETO PERFURAÇÃO'!$P:$P,MATCH(MEDIÇÃO!R109,'PROJETO PERFURAÇÃO'!$B:$B,0))="Pre-Splitting","S"))),"") -> P | R109: =R108+1 -> 265 | S109: =IFERROR(INDEX('LEV R&D'!$D:$D,MATCH(MEDIÇÃO!R109,'LEV R&D'!$A:$A,0))-INDEX('PROJETO PERFURAÇÃO'!$AH:$AH,MATCH(MEDIÇÃO!R109,'PROJETO PERFURAÇÃO'!$B:$B,0)),"") | T109: =IFERROR(INDEX('PROJETO PERFURAÇÃO'!$AN:$AN,MATCH(MEDIÇÃO!R109,'PROJETO PERFURAÇÃO'!$B:$B,0)),"") -> 0
B110: =IFERROR(ROUND(INDEX('PROJETO PERFURAÇÃO'!$AB:$AB,MATCH(MEDIÇÃO!D110,'PROJETO PERFURAÇÃO'!$B:$B,0)),1)&"''","") -> 5'' | C110: =IFERROR(IF(INDEX('PROJETO PERFURAÇÃO'!$P:$P,MATCH(MEDIÇÃO!D110,'PROJETO PERFURAÇÃO'!$B:$B,0))="Production","P",IF(INDEX('PROJETO PERFURAÇÃO'!$P:$P,MATCH(MEDIÇÃO!D110,'PROJETO PERFURAÇÃO'!$B:$B,0))="Buffer","B",IF(INDEX('PROJETO PERFURAÇÃO'!$P:$P,MATCH(MEDIÇÃO!D110,'PROJETO PERFURAÇÃO'!$B:$B,0))="Pre-Splitting","S"))),"") -> P | D110: =D109+1 -> 220 | E110: =IFERROR(INDEX('LEV R&D'!$D:$D,MATCH(MEDIÇÃO!D110,'LEV R&D'!$A:$A,0))-INDEX('PROJETO PERFURAÇÃO'!$AH:$AH,MATCH(MEDIÇÃO!D110,'PROJETO PERFURAÇÃO'!$B:$B,0)),"") | F110: =IFERROR(INDEX('PROJETO PERFURAÇÃO'!$AN:$AN,MATCH(MEDIÇÃO!D110,'PROJETO PERFURAÇÃO'!$B:$B,0)),"") -> 0 | I110: =IFERROR(ROUND(INDEX('PROJETO PERFURAÇÃO'!$AB:$AB,MATCH(MEDIÇÃO!K110,'PROJETO PERFURAÇÃO'!$B:$B,0)),1)&"''","") -> 5'' | J110: =IFERROR(IF(INDEX('PROJETO PERFURAÇÃO'!$P:$P,MATCH(MEDIÇÃO!K110,'PROJETO PERFURAÇÃO'!$B:$B,0))="Production","P",IF(INDEX('PROJETO PERFURAÇÃO'!$P:$P,MATCH(MEDIÇÃO!K110,'PROJETO PERFURAÇÃO'!$B:$B,0))="Buffer","B",IF(INDEX('PROJETO PERFURAÇÃO'!$P:$P,MATCH(MEDIÇÃO!K110,'PROJETO PERFURAÇÃO'!$B:$B,0))="Pre-Splitting","S"))),"") -> P | K110: =K109+1 -> 243 | L110: =IFERROR(INDEX('LEV R&D'!$D:$D,MATCH(MEDIÇÃO!K110,'LEV R&D'!$A:$A,0))-INDEX('PROJETO PERFURAÇÃO'!$AH:$AH,MATCH(MEDIÇÃO!K110,'PROJETO PERFURAÇÃO'!$B:$B,0)),"") | M110: =IFERROR(INDEX('PROJETO PERFURAÇÃO'!$AN:$AN,MATCH(MEDIÇÃO!K110,'PROJETO PERFURAÇÃO'!$B:$B,0)),"") -> 0 | P110: =IFERROR(ROUND(INDEX('PROJETO PERFURAÇÃO'!$AB:$AB,MATCH(MEDIÇÃO!R110,'PROJETO PERFURAÇÃO'!$B:$B,0)),1)&"''","") -> 5'' | Q110: =IFERROR(IF(INDEX('PROJETO PERFURAÇÃO'!$P:$P,MATCH(MEDIÇÃO!R110,'PROJETO PERFURAÇÃO'!$B:$B,0))="Production","P",IF(INDEX('PROJETO PERFURAÇÃO'!$P:$P,MATCH(MEDIÇÃO!R110,'PROJETO PERFURAÇÃO'!$B:$B,0))="Buffer","B",IF(INDEX('PROJETO PERFURAÇÃO'!$P:$P,MATCH(MEDIÇÃO!R110,'PROJETO PERFURAÇÃO'!$B:$B,0))="Pre-Splitting","S"))),"") -> P | R110: =R109+1 -> 266 | S110: =IFERROR(INDEX('LEV R&D'!$D:$D,MATCH(MEDIÇÃO!R110,'LEV R&D'!$A:$A,0))-INDEX('PROJETO PERFURAÇÃO'!$AH:$AH,MATCH(MEDIÇÃO!R110,'PROJETO PERFURAÇÃO'!$B:$B,0)),"") | T110: =IFERROR(INDEX('PROJETO PERFURAÇÃO'!$AN:$AN,MATCH(MEDIÇÃO!R110,'PROJETO PERFURAÇÃO'!$B:$B,0)),"") -> 0
... B120: =IFERROR(ROUND(INDEX('PROJETO PERFURAÇÃO'!$AB:$AB,MATCH(MEDIÇÃO!D120,'PROJETO PERFURAÇÃO'!$B:$B,0)),1)&"''","") -> 5'' | C120: =IFERROR(IF(INDEX('PROJETO PERFURAÇÃO'!$P:$P,MATCH(MEDIÇÃO!D120,'PROJETO PERFURAÇÃO'!$B:$B,0))="Production","P",IF(INDEX('PROJETO PERFURAÇÃO'!$P:$P,MATCH(MEDIÇÃO!D120,'PROJETO PERFURAÇÃO'!$B:$B,0))="Buffer","B",IF(INDEX('PROJETO PERFURAÇÃO'!$P:$P,MATCH(MEDIÇÃO!D120,'PROJETO PERFURAÇÃO'!$B:$B,0))="Pre-Splitting","S"))),"") -> P | D120: =D119+1 -> 230 | E120: =IFERROR(INDEX('LEV R&D'!$D:$D,MATCH(MEDIÇÃO!D120,'LEV R&D'!$A:$A,0))-INDEX('PROJETO PERFURAÇÃO'!$AH:$AH,MATCH(MEDIÇÃO!D120,'PROJETO PERFURAÇÃO'!$B:$B,0)),"") | F120: =IFERROR(INDEX('PROJETO PERFURAÇÃO'!$AN:$AN,MATCH(MEDIÇÃO!D120,'PROJETO PERFURAÇÃO'!$B:$B,0)),"") -> 0 | I120: =IFERROR(ROUND(INDEX('PROJETO PERFURAÇÃO'!$AB:$AB,MATCH(MEDIÇÃO!K120,'PROJETO PERFURAÇÃO'!$B:$B,0)),1)&"''","") -> 5'' | J120: =IFERROR(IF(INDEX('PROJETO PERFURAÇÃO'!$P:$P,MATCH(MEDIÇÃO!K120,'PROJETO PERFURAÇÃO'!$B:$B,0))="Production","P",IF(INDEX('PROJETO PERFURAÇÃO'!$P:$P,MATCH(MEDIÇÃO!K120,'PROJETO PERFURAÇÃO'!$B:$B,0))="Buffer","B",IF(INDEX('PROJETO PERFURAÇÃO'!$P:$P,MATCH(MEDIÇÃO!K120,'PROJETO PERFURAÇÃO'!$B:$B,0))="Pre-Splitting","S"))),"") -> P | K120: =K119+1 -> 253 | L120: =IFERROR(INDEX('LEV R&D'!$D:$D,MATCH(MEDIÇÃO!K120,'LEV R&D'!$A:$A,0))-INDEX('PROJETO PERFURAÇÃO'!$AH:$AH,MATCH(MEDIÇÃO!K120,'PROJETO PERFURAÇÃO'!$B:$B,0)),"") | M120: =IFERROR(INDEX('PROJETO PERFURAÇÃO'!$AN:$AN,MATCH(MEDIÇÃO!K120,'PROJETO PERFURAÇÃO'!$B:$B,0)),"") -> 0 | P120: =IFERROR(ROUND(INDEX('PROJETO PERFURAÇÃO'!$AB:$AB,MATCH(MEDIÇÃO!R120,'PROJETO PERFURAÇÃO'!$B:$B,0)),1)&"''","") -> 5'' | Q120: =IFERROR(IF(INDEX('PROJETO PERFURAÇÃO'!$P:$P,MATCH(MEDIÇÃO!R120,'PROJETO PERFURAÇÃO'!$B:$B,0))="Production","P",IF(INDEX('PROJETO PERFURAÇÃO'!$P:$P,MATCH(MEDIÇÃO!R120,'PROJETO PERFURAÇÃO'!$B:$B,0))="Buffer","B",IF(INDEX('PROJETO PERFURAÇÃO'!$P:$P,MATCH(MEDIÇÃO!R120,'PROJETO PERFURAÇÃO'!$B:$B,0))="Pre-Splitting","S"))),"") -> P | R120: =R119+1 -> 276 | S120: =IFERROR(INDEX('LEV R&D'!$D:$D,MATCH(MEDIÇÃO!R120,'LEV R&D'!$A:$A,0))-INDEX('PROJETO PERFURAÇÃO'!$AH:$AH,MATCH(MEDIÇÃO!R120,'PROJETO PERFURAÇÃO'!$B:$B,0)),"") | T120: =IFERROR(INDEX('PROJETO PERFURAÇÃO'!$AN:$AN,MATCH(MEDIÇÃO!R120,'PROJETO PERFURAÇÃO'!$B:$B,0)),"") -> 0
C123: Responsável | M123: Responsável
